"","business_id","stars","alcohol","divey","casual","bikeparking","businessacceptscreditcards","goodforkids","dessert","latenight","lunch","dinner","brunch","hastv","restaurantsdelivery"
"1","Ja4stXdNYr39u5CZHMNtjw",3.5,"fullbar",0,1,1,1,1,0,0,1,1,0,1,0
"6","ZYof0WYlilJ3pgWNSgmYKQ",3.5,"fullbar",0,1,1,1,1,0,1,1,1,0,1,1
"11","tstimHoMcYbkSC4eBA1wEg",4.5,"beerandwine",0,1,1,1,1,0,0,1,1,0,1,0
"12","bBM6OguT_lLYSlq4NaMuzw",3.5,"none",0,1,1,1,1,0,0,0,1,0,0,0
"13","-jKhfsXol4FxbRjK8aUsLA",3,"none",0,0,0,1,0,0,0,0,0,0,0,0
"15","OQcvO5P3gH0cuJ-bPXwfQQ",5,"none",0,1,0,1,1,1,0,1,1,1,1,0
"16","BmyRJmbVm4jGlkXg4ncLJQ",3,"fullbar",0,1,1,1,1,0,0,1,0,0,1,0
"18","d4qwVw4PcN-_2mK2o1Ro1g",3.5,"fullbar",0,1,0,1,0,0,0,1,1,0,1,0
"19","dcytjy24XmYrLtjTjgyEZA",3.5,"fullbar",0,0,0,1,1,0,0,0,0,0,0,1
"20","CaMwTEn92eJ1T2Zfr1xcnA",4,"none",0,0,1,1,1,0,0,1,0,0,0,1
"22","K-0pdH5hZQVeoUmYSNygQw",5,"beerandwine",1,0,1,1,1,0,0,0,0,0,1,0
"27","qCtjJp2tI-RyennIpfN6Wg",4,"none",0,1,1,1,1,0,0,1,0,0,0,0
"31","K0VNhFhaOrO3CypCqofjwA",3,"none",0,1,1,1,1,0,0,1,1,0,0,1
"37","EaIho6EvTuODNHPLO98yeQ",3,"fullbar",0,1,1,1,1,0,0,1,1,0,1,0
"40","i5EhA_T8_eWLr4_4DGDS5w",2.5,"none",0,0,0,1,1,0,0,0,0,0,0,1
"44","83cVpTJNyzv9lJ20vzBgdg",4,"none",1,0,1,1,1,0,0,1,0,0,1,1
"45","nc7YTLSXEWPG4Q0WlI5iPQ",3.5,"fullbar",0,1,1,1,1,0,0,1,1,0,0,0
"48","pGwfOqNEL8FbMUFspJdAMA",3.5,"fullbar",0,1,1,1,1,0,0,0,1,0,1,0
"49","dQwjYLmQXb06CpMPIpm5-g",4,"fullbar",0,1,0,1,1,0,0,1,1,0,1,0
"54","i5A6Bb9SpaYb3_Yr40Pk2g",4,"none",0,0,1,1,1,0,0,0,0,0,0,1
"55","S8VRQCBrbZI04zjCOc1RAA",4.5,"none",1,0,1,1,1,0,0,1,0,0,0,0
"57","ym7uH6ZpCfKQ1Of7eaYGCA",4.5,"none",0,1,0,1,1,0,0,1,1,0,1,0
"58","KTQHeWmwLxDQEt7GN7n3pA",3.5,"none",0,0,1,1,1,0,0,0,0,0,0,0
"60","4CE_jyoNwSYkorer13G5OQ",3.5,"fullbar",0,1,1,1,1,0,0,1,0,0,1,0
"62","pUmECN5N94AQAe0DtptuYA",3.5,"beerandwine",0,1,1,1,1,0,1,1,1,0,1,1
"64","EC7NrIHKk6i3US_XJlDWDA",4,"beerandwine",0,1,1,1,1,0,0,1,0,0,0,0
"67","38aN0fB_zHtkw1kb3lSj8g",4.5,"fullbar",0,1,0,1,1,0,0,1,1,0,1,0
"70","n0bg7kf6HcpFchCtxJyc5A",3,"fullbar",0,0,0,1,0,0,0,0,1,0,0,0
"73","_82041xhXs6-_WWT82BA8Q",3,"none",0,0,1,1,1,0,0,0,0,0,0,1
"74","xxYsX6Gj0-pj-kxKw092LQ",3.5,"none",0,1,1,1,1,0,1,1,1,0,0,1
"77","TZ0sFZnJi1w4CM0IcA4T6w",3.5,"none",0,0,1,1,1,0,0,0,0,1,1,0
"79","_HVZ1V8IDa49MWdejx9BbA",2.5,"none",0,0,0,1,1,0,0,0,0,0,0,0
"80","5OqrwhtZ3mcmUSwLINZTWQ",4,"fullbar",0,0,0,1,0,0,0,0,1,0,0,0
"82","8zh9Uts1H32Cqfbar44TLw",4,"beerandwine",0,1,0,1,1,0,0,1,1,0,1,0
"84","BAbRAGFnht4BM0QG_OM1Og",3.5,"none",0,0,1,1,1,0,0,1,0,0,1,0
"88","SkdJFYlITwDsk5FYH-s7OA",1.5,"none",0,0,1,1,1,0,0,0,0,0,0,0
"92","ky5L-EfUwU9chSPcIeXM5w",4,"beerandwine",0,1,1,1,1,0,0,1,1,0,0,1
"97","_ikylomPLdTgVtE0xWR_1Q",3.5,"none",0,0,1,1,1,0,1,0,0,0,0,0
"98","Gdv3qhsDeQzZ2Ag-Tzq6vA",4,"none",0,1,1,1,1,0,0,1,1,0,1,1
"99","bgx6gYdktqEoQwBdo5lRbA",4.5,"none",0,1,1,1,1,1,0,1,1,0,0,0
"100","522GgMvOvzaKCEX6BfAtvg",4,"beerandwine",0,0,0,1,1,0,1,0,0,1,1,1
"115","y6Fmhz2CceimbgvxNVgE-w",3.5,"fullbar",0,1,1,1,1,0,0,1,0,0,1,0
"116","tLSgXuy0g8nxX6Xgb7nvrw",3,"beerandwine",0,1,1,1,1,0,0,1,0,0,0,0
"118","5pMNyj77S1P3rrT69y1pkQ",3.5,"beerandwine",0,1,1,1,1,0,1,1,1,0,1,1
"119","S9CrHJJnns3cqdGca7mQWQ",3.5,"none",0,0,1,1,1,0,0,1,1,0,1,1
"120","Qor28v4BlhSwtN8DSvah9g",3.5,"none",0,1,1,1,1,0,1,1,1,0,1,0
"121","WqHpTx3gHTx8ud8RxSyYOw",3.5,"none",0,0,0,1,1,0,1,1,1,1,1,0
"123","gg0zeYKlmvk_rScipyOyKw",4,"none",0,0,1,1,1,0,0,0,0,1,1,0
"129","BJeHWkccQRXZKKyBcauenA",3.5,"fullbar",0,0,1,1,0,0,0,0,0,0,1,1
"131","_6mvQX9x66oz046eS5ii8w",4,"beerandwine",0,1,1,1,1,0,0,1,1,0,1,0
"132","1ZJz840L496LAmQdeDv0WA",4,"beerandwine",0,1,1,1,1,0,0,1,1,0,0,0
"134","I25YFbDL16lVcutPMNIlHA",2.5,"fullbar",0,0,1,1,1,0,0,0,0,0,1,0
"135","1rbb8ntTOpSolQv60CGcsQ",3.5,"fullbar",0,1,1,1,1,0,0,1,1,0,0,1
"138","lOQPeguczAueJnLmDUTfGg",4,"fullbar",0,1,1,1,1,0,0,1,1,1,1,0
"142","QvKN1zh_BCFai6oDCx3d_g",4,"none",0,0,0,1,1,0,0,0,0,0,0,1
"146","UtWd3LMEktL51UJyUwYwjA",4,"none",0,0,1,1,1,0,0,0,0,1,1,0
"148","qjO0FtFXalKSVZLVq-XewQ",4,"beerandwine",0,0,1,1,1,0,1,1,0,1,1,0
"149","2kWrSFkIes_d2BMg4YrRtA",3.5,"none",0,0,0,1,1,0,0,0,0,0,0,1
"151","aVKBmuvdDmEOgOfqaSF_xA",4,"none",0,0,0,1,1,0,0,1,0,0,0,0
"152","ZJufvkLNtlAsQU9h_ttdNg",2,"beerandwine",0,0,0,1,1,0,0,0,0,0,1,0
"158","en-qw089uyISqOTUJb3dhw",2.5,"none",0,0,1,1,1,0,0,1,0,0,0,0
"159","75u8X_saAIETRHgpECi8YA",3.5,"fullbar",0,0,1,1,1,0,0,1,1,0,1,0
"160","4IdcT63iE5fNrVzayZtKEw",4,"beerandwine",0,1,1,1,1,0,0,1,1,0,0,1
"167","OiutT-PHcZd6y2cEJ_yEVw",3,"none",0,0,0,1,1,0,0,0,0,0,0,0
"168","xjlMlnxWqMd3FGODA_z1NA",3.5,"none",0,1,0,1,1,0,0,1,1,0,0,1
"169","WOz66UuVsfc2K9GxzfDnGg",3.5,"none",0,1,1,1,1,0,0,1,0,0,0,0
"175","DM8j5g9k28vEOTM0kz4KVA",3.5,"beerandwine",0,1,1,1,1,0,0,1,0,0,1,1
"177","KMwv6qK14VZvC-We6l9LCg",3.5,"none",0,0,0,1,1,0,1,0,0,0,1,0
"185","HyoPFfBHLK0lKVHWEdFpvQ",4,"none",0,0,1,1,1,0,0,0,0,0,0,1
"187","9J-Vg2-uqjreSRtITaDlMg",4,"none",0,1,1,1,1,0,0,1,1,0,1,1
"191","D1J0-sFI1ul-9l3CwjvvwA",3.5,"none",0,0,0,1,1,0,0,0,0,0,0,0
"192","XpyYSWF-8xi_aZ67RUuk2Q",3,"fullbar",0,1,1,1,1,0,0,1,1,0,1,0
"196","I8TOosBLYKxZMAYNNyGEyg",2.5,"none",1,0,0,1,1,0,0,1,1,0,0,1
"202","1OnZRj4yIo4szhapTFwj5w",4,"none",0,0,1,1,1,1,0,0,0,0,0,0
"208","jyZqmlaziZKtPv8AVTzciw",3,"beerandwine",1,0,0,1,1,0,0,0,1,0,0,0
"210","LgTBbuKTSm4qKHEmFAEJmA",3,"beerandwine",0,1,1,1,1,0,0,1,1,0,1,1
"213","yOBDY3fpaTpX4Q5JpmExMg",4,"beerandwine",0,1,1,1,1,0,0,0,1,0,1,0
"217","9h2W6JBWILS_RwlpIBSEig",4.5,"beerandwine",0,1,1,1,1,0,0,1,1,0,1,0
"219","BUVgOVIeyipLxHdoDtBIoA",3.5,"none",1,0,1,1,1,0,1,1,0,0,1,0
"221","dFyaVVHLcfNE98-NMftL7w",3.5,"none",0,0,1,1,1,0,0,0,0,0,0,0
"224","v7xjDbezQ2xw95itvN244Q",3,"beerandwine",0,1,1,1,1,0,0,1,1,0,1,0
"225","yvqcZrHixuf_oIUW83xUcQ",3,"fullbar",0,1,1,1,1,0,0,1,1,0,0,0
"227","fq6qlXprwSzSUr0RKE_0rA",3,"none",0,0,1,1,1,0,0,0,0,0,0,0
"228","a9vzUNNZS6Z75ONo_p-WaA",2,"beerandwine",0,1,1,1,1,0,0,1,0,0,1,1
"231","-oOKqZbYDt08zaWWyLZNIw",4,"none",0,1,1,1,1,0,0,1,1,0,0,1
"232","bMrYaaAy62ppdS09na0RgQ",4,"none",1,0,1,1,1,0,0,1,0,0,1,1
"234","n_UlhRNcv9dm04NbUNBrFQ",3,"none",0,1,0,1,1,0,0,1,0,0,0,0
"236","l8IqBeFXK3dqFEs7YL3ukg",3,"none",0,0,1,1,1,0,0,0,0,0,0,1
"237","twrgw3ZaMEiS87sN5ahuuw",4.5,"none",0,1,1,1,1,0,0,1,1,0,1,0
"238","Wbi-x-1Nbn6LFCMOSN6F5Q",2.5,"none",0,1,1,1,1,0,0,1,1,0,0,0
"240","bCp4qpBzL_chlJtHbiVF5Q",3.5,"none",0,0,0,1,1,0,0,0,0,0,0,0
"241","rYVIEEW5O3ZUKCqNg1hiNA",2.5,"none",0,0,0,1,1,0,0,0,0,0,0,0
"244","tbZ-vAxGDlRIp3FWiT4JRw",3,"none",0,0,0,1,1,0,0,0,0,0,0,0
"245","dRib7YK9Mtqgvfqsf-PKrw",5,"beerandwine",0,0,1,1,1,0,0,0,0,0,1,0
"247","HumV0E5AE0MmyusDpd0b7w",2.5,"none",1,0,1,1,1,0,1,0,0,0,0,0
"252","l_pR3x7v2mvE3luVdmGuoQ",3,"fullbar",0,0,0,1,1,0,0,0,1,0,0,0
"253","3IwCop28R1_L5jMv6AkL8Q",4,"fullbar",0,1,1,1,1,0,0,1,1,0,1,0
"254","Mrh6EoDcsDWmvWBPmK7ncw",3.5,"none",1,0,1,1,1,0,0,1,0,0,0,1
"256","q1R2R9i3TkH94x-CwP-l4w",3.5,"fullbar",0,1,1,1,1,0,0,0,1,0,1,0
"258","5Y-p9QJLrg2P0I8RjJ9TTQ",3,"none",0,0,1,1,0,0,0,0,0,0,0,1
"259","4NxIM5xpIEem1IkEkz2I7Q",3.5,"beerandwine",0,1,1,1,1,0,0,1,0,0,0,1
"260","b8fEuQPrf383f6pzdm8-1w",3.5,"fullbar",0,0,1,1,1,0,0,1,1,0,1,0
"261","M990h0-4g-wpJN-qlnqFAg",3,"none",0,1,0,1,1,0,0,1,0,0,0,0
"263","dTtMrvC0UoDV-3-8diJYLw",3.5,"beerandwine",0,0,1,1,1,0,0,1,1,0,0,1
"264","sH3UsolKjik01u0HlQ9_0Q",4,"fullbar",0,1,1,1,1,0,0,1,1,0,1,0
"266","66EYUS3iichq-Gn6KjgX2A",2,"none",0,0,1,1,1,0,0,0,0,0,1,0
"269","rca1HN4qRsZfmpxmlFWNDQ",3.5,"none",0,1,1,1,1,0,0,1,1,0,0,0
"270","g-Q3rLkyGT-TtiRgE-PvgA",3,"fullbar",0,1,1,1,1,0,0,1,1,0,1,1
"272","c_xCs0pCLZVM6ImvqXEFPA",3.5,"none",0,0,1,1,1,0,0,0,0,0,0,0
"273","-ZaQKvtRGQA-4FoUE_1s4w",4.5,"none",0,0,1,1,1,0,0,1,1,0,1,1
"274","OD09pm-MzynigAvD5KoGPA",4.5,"none",0,1,1,1,1,0,0,1,0,0,1,0
"275","SDdB_gFAWW23cNmtwT-dAA",3.5,"fullbar",0,1,1,1,1,0,0,1,0,0,1,0
"276","ibOX3CypYVz0nJhCN5Wmcw",2.5,"fullbar",0,1,0,1,1,0,0,1,0,0,0,0
"280","9MJDPVeLqAWLqdWF4Heqvg",3,"beerandwine",0,1,1,1,1,0,0,1,0,0,1,0
"282","bLh4ysq5RsbzCNSjqHhwyw",3,"fullbar",0,1,1,1,1,0,0,1,0,0,1,1
"283","eajXb034hm_9M6OgN47LKA",3,"fullbar",1,0,1,1,0,0,0,1,0,0,1,0
"284","JQWIZ8MT-VGZzO5W5XCB5Q",3.5,"beerandwine",0,1,1,1,1,0,0,1,1,0,1,1
"286","9d7N-I00hu-VkXFry4Da-g",3.5,"fullbar",0,1,1,1,1,0,0,1,1,0,1,0
"288","vBV5IbpTgUKuu2HlneE2NA",3.5,"beerandwine",0,1,1,1,1,0,0,1,0,0,0,1
"296","QdvROupQvDDQIaHrTGNgKA",3.5,"fullbar",0,1,1,1,1,0,0,1,1,0,1,0
"298","fuQpzuHPLt8pnJ49j74qCQ",3,"none",0,1,0,1,1,0,0,0,0,0,1,0
"307","aqbY6f-ZqJ7wnUSll3BxLA",3.5,"beerandwine",0,1,1,1,1,0,0,1,1,0,1,1
"308","_BCwZIK6GYht9cM-HGLduQ",5,"none",1,0,1,1,1,0,0,0,0,0,1,0
"310","6XpqswYWoSOx0a9MkosVRA",4,"fullbar",0,1,1,1,1,0,0,1,1,0,1,0
"312","yLTATolCkihuQ-TFaEPJkQ",2.5,"none",0,0,1,1,1,0,0,1,0,0,0,0
"313","4HVGgGI5rKvUJcaIV7ub7Q",3.5,"none",0,0,1,1,1,0,0,0,0,0,0,1
"315","kNij6LlC65nxugxAJyEGVw",2,"none",0,0,0,1,1,0,0,0,0,0,0,1
"316","FTA0Gt1BQbuA0OPEfV1R6w",3.5,"none",0,1,1,1,1,0,0,1,1,0,1,1
"317","CrwL7Y-jdzno4mmV7CN67A",4,"none",0,1,0,1,1,0,0,1,0,1,0,0
"320","JJzAOl3kQLfhOzB_vjf3FQ",3.5,"none",0,0,1,1,1,0,0,0,0,0,1,0
"324","eRjcli4nDHRwhByViUz9Ow",3,"none",0,1,1,1,1,0,0,0,1,0,1,1
"326","9V9RlgqqnPFQJfF_e9Lnmw",3.5,"beerandwine",0,1,1,1,1,0,0,1,1,0,1,1
"327","2FWFAqM-jqKUU8WqHSp-LQ",3.5,"none",0,1,1,1,1,0,0,1,1,0,0,1
"330","keQlXWfz2K7GukqaReVyow",3.5,"fullbar",0,1,1,1,1,0,0,0,1,0,1,1
"331","KdQM64AQ5_ppgs6RolwJ4w",4,"none",0,0,0,1,1,0,0,0,0,1,1,0
"332","4X4a-TJnivv8YtK1YGxcQQ",3,"fullbar",1,0,1,1,1,1,0,0,0,0,1,0
"334","jCf84-Amxm91rbNAOJtAcg",3.5,"none",0,1,1,1,1,0,0,1,1,0,1,1
"335","BQJokxJ4y4s57i7Mn65pvA",3.5,"fullbar",0,1,0,1,1,0,0,0,1,0,1,0
"336","mbfu9ag4VQYIi6dvhCX2dQ",3,"fullbar",0,0,1,1,1,0,0,0,0,0,1,0
"338","_bpNAXZqG28e8XplS1wbpw",3,"none",0,0,1,1,1,0,0,1,0,0,1,0
"339","2_jWcWOew5DA6wR7_eH36Q",4,"none",0,0,1,1,1,0,0,1,1,0,0,0
"349","AUFFJBCh6spwBFJI6SnITg",3,"none",1,0,1,1,1,0,0,0,1,0,0,1
"350","rIeXMt92PLNjZbemWKRXcA",4,"none",0,1,1,1,1,0,0,1,1,0,1,1
"355","kzuQsq0KPWLeKFtnLXXyHg",4,"none",1,0,1,1,1,0,0,1,1,0,0,1
"357","a5xUI7TvsNhM5gZr6KowDg",3.5,"fullbar",0,1,0,1,1,0,0,1,1,0,1,1
"358","YKImxc9VimLbDl2sQN1BBQ",3.5,"fullbar",0,1,0,1,1,0,0,1,1,0,1,1
"364","x3LoVFuzVIPK_J-kDZORdg",3.5,"fullbar",0,1,1,1,1,1,0,0,0,0,1,0
"366","QteBKpZTRa2dJ3u7MLiXww",4,"none",0,1,1,1,1,0,0,1,1,0,1,0
"367","dXI95VscrvdWu5qu6CjnWQ",4.5,"beerandwine",0,0,1,1,1,0,0,0,0,0,1,0
"371","xwoM2Zc38DFKv3-8dCU8Pw",3,"none",0,0,1,1,1,0,0,1,1,0,1,1
"376","Es-MfCr79uHI-CSrzkea-w",3,"fullbar",0,1,1,1,1,0,0,1,0,0,1,0
"378","NvyjzqSF55Ghe3GrIIYEcw",3.5,"beerandwine",0,1,1,1,1,0,0,1,1,0,1,0
"380","pJdPcHkqtaLF47pS0LxdYQ",4,"fullbar",0,1,1,1,1,0,0,1,1,0,1,0
"381","-rCIoxp7pqN3xY7E3-v56Q",3,"fullbar",0,1,1,1,1,0,0,1,1,0,1,0
"384","QC9bLPcNk6ymAOHf03pHhQ",3,"none",0,0,1,1,1,0,0,0,0,0,0,0
"387","me17NOULVwu40AdKGYHIaQ",4,"none",0,0,1,1,1,1,0,0,0,0,1,1
"390","8IblwilNlenDVwBbEzQEVg",4,"beerandwine",1,0,0,1,1,0,0,1,1,0,1,0
"392","6e0Abng1LRexKI4LRJTX_A",4,"none",0,1,1,1,1,0,0,0,1,1,1,0
"394","6C_8Mh4lmLc_QEs3hHleBg",4,"none",0,1,1,0,1,0,0,1,1,0,0,0
"397","3pGA9YGsDLRQ7HJLw5cwcQ",4,"none",0,1,1,1,1,0,0,1,1,0,1,0
"403","2F2xrnxCJ_WdXfWGxJcn_g",2,"none",0,0,0,1,1,0,0,1,0,0,0,0
"406","Ozf92eEJSwwb3LbO50cvag",3.5,"fullbar",0,1,1,1,1,0,0,1,0,0,1,0
"409","GH5gbLHw05toW6ePNIUzTw",4.5,"none",0,0,1,1,1,0,0,0,0,0,1,1
"417","rgTcICdtCXoNXc71Z7-t5g",3.5,"fullbar",0,1,1,1,1,0,0,1,1,0,0,1
"418","VXKIx4WUGw3jNad0BOcFYQ",4,"none",0,0,0,1,1,0,0,0,0,0,1,1
"419","PmkXtqIcjQGpNShB8yTSrA",2.5,"fullbar",0,1,1,1,1,0,0,0,1,0,1,1
"425","N-tpz2XtAPreL5wnFjKGwA",4.5,"none",0,0,1,1,1,0,0,0,0,0,1,1
"426","ZqP_j4ZTFSN5dkHYF0Lobw",4.5,"none",0,0,1,1,1,0,0,0,0,0,0,1
"427","3v1c2BsFFcWlpV3S3LS8dA",3.5,"none",0,1,1,1,1,0,0,1,0,0,0,0
"432","R6cWq0FkVfV_Ee-YttlPyA",2,"beerandwine",0,1,0,1,1,0,0,0,0,0,0,0
"437","XDYCIRENiT2doRZgwNJ3SA",2.5,"none",0,1,1,1,1,0,1,1,0,1,1,0
"441","7gIK3en6jVyiColBvlHNPA",3,"none",0,0,0,1,1,0,0,0,0,0,0,0
"443","0nlocywsFHQmEt8_xbHNiw",3.5,"none",0,1,0,1,1,0,0,0,1,0,1,1
"444","daLsASi-J8zee8cpZSnqjQ",3.5,"none",1,1,1,1,1,0,1,1,1,0,0,0
"447","fnaDx7UD4MiodQlgYHDwsQ",4,"fullbar",0,1,1,1,1,0,0,1,1,0,0,0
"452","paNjgpMDRhNzBj6xzhHPVQ",4,"beerandwine",0,1,0,1,1,0,0,1,1,0,1,0
"454","yBHltbm3DqNaKgBgTMpxsA",4,"none",0,1,1,1,1,0,0,0,0,0,0,1
"471","nBwOIq5KI-zmxp061dTmgw",3.5,"none",0,1,1,1,1,0,0,1,1,0,1,1
"474","htNNxttBjRmRnP4d0XFl-w",2.5,"none",0,0,0,1,1,0,0,1,1,0,0,1
"480","3z6gQVDbWuykm-a8R1YyJg",3.5,"none",0,0,1,1,1,0,0,0,0,0,0,1
"481","dazGlP4Rk4nxlyMtlvkpvA",2.5,"fullbar",0,0,1,1,1,0,0,1,1,0,1,1
"483","pr8Mha_nXhkONtwmj9ka4g",3.5,"fullbar",0,1,0,1,1,0,0,1,1,0,1,0
"486","KJ6DuC0Jve9hAtzM2SGNOQ",3.5,"none",0,1,1,1,1,0,0,1,0,0,0,0
"488","618yZxC6stz-Un4xLsp5vw",3.5,"none",0,1,1,1,1,0,0,1,0,0,1,1
"492","jv1sbEWUJRHeUff1xZtqWg",3,"none",0,1,1,1,1,1,0,1,0,0,0,0
"493","815I4_qtNd9Whd5joLZhAQ",2,"none",0,0,1,1,0,0,1,0,0,0,1,1
"494","c7ZTyqSG4v4ZVwK3vuDklQ",4,"none",0,1,1,1,1,0,1,1,1,0,0,0
"495","SpCVf25ya5jsHItdkpBpUg",3.5,"fullbar",0,0,1,1,1,0,0,1,1,0,0,0
"496","tIauOelAC3BZk_xhMoDBUg",3.5,"beerandwine",0,1,1,1,1,0,0,1,0,0,0,0
"499","l7BLw7-bKVD7fImtls4Lfw",4,"none",1,0,1,1,1,0,0,1,1,0,1,0
"503","MVLZqbw6vOkCjFApRBlSfQ",2.5,"beerandwine",0,0,1,1,1,0,0,1,0,0,1,0
"508","9zclqTtkncm_ayNJ58iJbg",4,"none",1,0,1,1,1,0,0,0,0,0,1,0
"509","WgvJcTe_RdlIfnvxEzn2Mg",4,"none",0,1,1,1,1,0,1,1,1,1,0,0
"511","ZLG7N4VDGzo7V0ViITi93Q",4,"none",0,1,1,1,1,0,0,1,1,0,1,0
"512","i4Z5pJOl_EYmq7gbiF91Xw",3,"none",0,0,1,1,1,0,0,0,0,0,0,1
"513","SgPfkKWoG-23WMWQCT8ymg",4,"fullbar",0,1,1,1,1,0,0,1,1,0,1,0
"514","UDucqwO8PwUOwcmUsJ-gOA",4.5,"none",0,1,0,1,1,0,0,1,1,0,1,0
"515","VzSUgIOcyO7JmTwYDnyivQ",3.5,"fullbar",0,1,1,1,1,0,0,1,1,0,1,0
"517","ocXPQsWEpC0KF6tZezEBpA",3,"none",0,0,0,1,1,0,0,0,0,0,1,0
"519","Mq8QTBAR7r-vUL6C2JVkRA",3,"none",0,0,1,1,1,0,0,0,0,0,0,0
"525","dHTGzM4_3kKEiQvab9mi9A",4,"fullbar",0,1,1,1,1,0,0,1,1,0,1,1
"527","Xww2E2ym5cWX3-91Ml5Bfw",3.5,"fullbar",0,1,0,1,1,0,0,1,0,0,0,0
"528","3R28YY7Jw_EJs0-X8qDArw",4,"none",0,1,1,1,1,0,0,1,0,0,0,1
"531","s6KtKeubYAa-sY9OC3i58Q",3.5,"none",0,0,0,1,1,0,0,0,0,0,0,0
"533","IhbvQcaLJh80JhJA-OPv1w",3.5,"none",0,0,1,1,1,0,0,0,0,0,0,0
"534","KzLjbXEDH1e1WrfzrrzZKw",3,"none",0,1,1,1,1,0,0,1,0,0,0,0
"535","Ef9crW61OYp2UJ0ysi3nEw",3,"none",0,1,1,1,0,0,0,1,1,0,0,0
"538","vNwj8u1KbnKPQFMTd3TDWw",3,"fullbar",0,1,1,1,1,0,0,1,1,0,1,0
"539","tFcmrGLZNEymSnijoTPmqw",4,"fullbar",0,1,1,1,1,0,0,1,1,0,0,0
"543","n5wZxYrle8ROuK-Saq-yyw",4,"beerandwine",0,1,1,1,1,0,0,1,1,0,1,0
"544","HwV2hQr7fbpiG8wODWJQ1w",4,"fullbar",0,1,1,1,1,0,0,1,1,0,1,0
"545","oK_uwtOectm906rpUtHiug",1.5,"none",0,0,1,1,1,0,0,0,0,0,0,1
"547","m-xsH8VkcYtTTvp2Fa6Ajw",3,"fullbar",0,1,1,1,1,0,0,0,1,0,1,0
"549","oXIYs7rxT-bdgpeYzBfrzA",4,"fullbar",0,1,1,1,1,0,0,1,1,0,1,0
"552","aTvmLm3YfTs_L290fEolEw",3,"beerandwine",0,0,1,1,1,0,0,0,0,0,0,0
"554","2jx_SaBzvIdIwul4JoY9IA",4,"none",0,1,0,1,1,0,0,1,1,0,0,0
"558","mWEltFSw33nARGPLvZiAJw",4,"none",1,0,0,1,1,0,0,1,0,0,1,0
"562","TrN8HBHBL4-Tu7cXMDoopQ",4,"beerandwine",0,1,1,1,1,0,0,1,1,0,0,1
"568","FTVDICd-uxoEGYh4pU0pcw",3.5,"none",0,1,1,1,1,0,0,1,1,0,1,1
"575","5MlgZwfmaegOL7_FJ3b7lA",4.5,"none",0,1,1,1,1,1,0,0,0,0,0,0
"576","YsGN4k4N4a5LWxe6H-yviA",2.5,"none",0,0,0,1,1,0,0,1,0,0,0,1
"578","aS4t4ee3xqQXgNHNxi9gAA",3.5,"none",0,1,1,1,1,0,0,1,1,0,0,1
"579","DXCho3TSX6qKsRoEjGoGJg",3.5,"fullbar",0,1,1,1,1,0,0,0,1,0,1,0
"580","32u4chtkG4fIa52396iOhw",1.5,"none",0,0,0,1,1,0,0,1,0,0,0,1
"582","cf0LXwdYZ_9y0BVK-un9ow",3.5,"fullbar",0,1,1,1,1,0,1,0,0,0,1,1
"584","hTe5SavBjp3zRulupZSJew",3.5,"fullbar",0,1,1,1,1,0,0,1,1,0,1,1
"586","JUiIEt5wW7ImwOdpEc-r0Q",2,"none",0,0,1,1,0,0,0,1,1,0,1,1
"593","I3STZd5iAvUL9MNLF_DUug",3.5,"fullbar",0,1,0,1,1,0,0,1,0,0,1,0
"595","I5YF1kl3LCVM6nDeP8rUzQ",3.5,"beerandwine",0,1,1,1,1,0,0,0,1,0,1,1
"600","7os-CT7QI8P_sy1QKwhzjg",3,"fullbar",0,1,1,1,1,0,0,1,1,0,1,0
"602","TZl7YBuzo5awZP8QJDLg_w",3,"fullbar",0,1,0,1,1,0,0,1,1,0,1,0
"604","8F9C5vhDlYphBWELUgLkvQ",3.5,"none",0,1,1,1,1,0,0,1,0,0,1,0
"605","LiBnff-ZuzW16zIvZgFOfQ",3.5,"beerandwine",0,1,1,1,1,0,0,1,1,0,1,0
"609","czJKX4DmZR_1JeRmPcnmbQ",4.5,"none",0,1,1,1,1,0,0,1,0,0,0,0
"619","OW8ZTM0Bd6R0BH6u-6Wkag",3.5,"beerandwine",0,1,0,1,1,0,0,1,1,0,0,0
"621","h-whOh2Bu2rL6zjvXXVtog",4,"none",0,1,1,1,1,0,0,1,0,0,1,0
"622","bfF90MspMbqLWdcEU9JLcg",3,"fullbar",0,1,1,1,1,0,0,0,1,0,1,0
"623","TLr_AFOnq4TK_qNGRQzloQ",2,"none",0,0,1,1,1,0,0,0,0,0,0,0
"624","F06m2yQSPHIrb1IT7heYeQ",4,"none",0,0,1,1,1,0,0,0,0,0,0,1
"625","D74O-i-iEWo-e5BpwFMcUA",3,"none",0,1,1,1,1,0,1,0,0,1,0,0
"627","LDxapKCuUbH-G24O4vjD7g",3,"none",0,0,1,1,1,0,1,0,1,0,0,1
"628","pGjtxXBq4tZcdKdgTU-Tww",4.5,"none",0,0,0,1,1,0,0,0,0,0,0,0
"630","S3-JpB5dBhMXmauMqeoN-g",4,"beerandwine",0,1,1,1,1,0,0,1,1,0,1,1
"632","mbZe40oM-Ha-Q_qWh49-Mg",2,"none",1,0,0,1,1,0,0,1,1,0,0,0
"633","ti1bb30WwnkDLuVvpTM6fQ",3,"beerandwine",0,1,1,1,1,0,0,1,1,0,1,0
"634","TTVXY5vOJDqC0_Je8UhK8A",3.5,"none",0,0,0,1,1,0,0,1,1,0,0,1
"636","c0F2t2j9MJ2gUBUPky-dqw",3.5,"fullbar",0,1,1,1,1,0,0,0,1,0,1,0
"638","loXkZgAd70KMjP8ISCnZPQ",4,"none",0,0,1,1,1,0,0,1,1,0,0,1
"639","8PNXDkWz3hyZFi7E4tYhjw",3.5,"fullbar",0,1,1,1,1,0,0,1,1,0,0,0
"641","tMkLVD60GqCgQ392GWPHIA",3,"none",0,1,1,1,1,0,0,0,0,0,1,0
"643","ETTzxqOcPuxMqV37y1uhdg",4,"none",0,1,1,1,1,0,0,1,1,0,1,1
"649","e9QjTA0wa0s6UvLPTnu4cw",3,"none",0,1,1,1,1,0,0,0,1,0,0,1
"653","zfiSQ1dl3vTJ-og96eqXGA",4,"none",1,1,1,1,1,0,0,1,1,0,0,1
"654","mss-LiOfL1vtoNo3WoEoJw",5,"none",0,1,1,1,1,0,0,1,1,0,0,0
"655","zcfmbmOEX83YL04f9_Y0BA",3.5,"beerandwine",0,1,1,1,1,0,0,1,1,0,0,0
"658","PvAOQjUxoWlWqNbiO2tthQ",4,"beerandwine",0,1,1,1,1,0,0,1,0,0,1,0
"660","Gy_XiWqkJM8JMaKk_sgXOw",3,"beerandwine",0,1,0,1,1,0,0,1,0,0,1,0
"661","4zsGtAFbuDi30O43O4JWmg",3,"none",0,1,0,1,1,0,0,0,0,0,1,0
"663","QQSlx-l_cfwkVrNwjV_HgQ",3,"fullbar",0,1,0,1,1,0,0,1,1,0,1,1
"665","LA9j7bDQLkDmLspdHwL3Bg",4.5,"none",0,0,1,1,1,0,0,0,0,0,0,0
"669","bffQssCZ-KpA_PPIu6Vysg",2.5,"beerandwine",0,0,1,1,1,0,0,0,0,0,0,0
"675","Zv2ZxnAZLswC3IXyiHhYeA",4.5,"fullbar",0,0,1,1,1,0,0,0,0,0,1,1
"677","zMfZLd5_h5W8ZVxTNoeJyQ",2.5,"fullbar",0,1,1,1,0,0,0,1,1,0,1,0
"681","fiRbomFAAtfTYOTTtnDUcA",3,"fullbar",0,1,1,1,0,0,1,0,1,0,1,1
"683","oHeiAs-mnDJU1_4BD8_5Dg",3.5,"fullbar",0,0,1,1,1,1,0,0,0,0,1,0
"685","xkdgCrkgfbI80Htst6-Lbw",3.5,"fullbar",0,1,1,1,1,0,0,0,1,0,0,0
"687","SEjyjYlMfFFzkHaru6JadA",3.5,"fullbar",0,1,1,1,1,0,0,1,1,0,1,0
"692","3MntE_HWbNNoyiLGxywjYA",3.5,"none",0,0,1,1,1,0,1,1,1,0,1,1
"696","ndq4rJcFLMbMGU_gK5u79Q",3.5,"none",0,1,0,1,1,0,0,1,0,0,0,1
"697","PeLzCf2_GZlNZns2PLBueA",3.5,"none",0,1,1,1,1,0,0,1,0,0,1,1
"703","5zzuzWbt9_YrL95EIHobLA",3,"beerandwine",0,1,1,1,1,0,0,1,1,0,0,0
"704","G0F3kmnES1i8a9Vp78ct7w",3.5,"none",0,0,1,1,1,0,0,0,0,0,1,0
"707","AYL_y8ahquUW0o-cvIyLbg",4,"none",0,1,1,1,1,0,0,1,0,0,1,1
"713","cKgUCzMGuRgkbKXUsgeXUw",3.5,"fullbar",0,1,1,1,1,0,0,1,1,0,1,0
"714","tVVZcFFt3ZlWVE7nptN3EQ",3,"none",1,0,1,1,1,0,0,1,1,0,0,1
"715","2gI7dlktBQXPZiuOW-HWvw",3.5,"none",0,1,0,1,1,0,0,1,1,0,0,0
"716","EHDcxAlrrP4VPiZuQlrIrg",2.5,"fullbar",0,1,0,1,1,0,0,0,1,0,1,0
"717","20vCzyibdvXOxW42h9v_MQ",2.5,"none",0,1,0,1,1,0,0,0,0,0,0,0
"719","uI2lQHqS1Pkh1-EzgeD-ww",2.5,"none",0,0,0,1,0,0,1,1,1,0,1,1
"730","L_X5eAd4moE40AsX6Havhg",3.5,"fullbar",0,1,1,1,1,0,0,1,0,0,1,0
"731","wd-pzPYNehT6QTsc1qr7pA",3.5,"fullbar",0,1,1,1,1,0,0,1,1,0,1,0
"734","ka5SLblwtXqYu2MPNr7C_w",3.5,"fullbar",0,0,0,1,1,0,0,0,0,0,1,0
"735","asAHqgKQtCWiBbC3XriSIQ",3.5,"none",0,0,1,1,1,0,0,0,0,0,0,1
"739","6PtDrXXQK9JyrN7M4nvZyA",3.5,"none",0,0,1,1,1,0,0,0,0,0,0,1
"740","BMAflH82OUIMl2mHtP0MNQ",3.5,"beerandwine",0,1,1,1,1,0,0,0,0,1,1,1
"741","IUv-dRWHyds6ncxqVcxpGQ",3.5,"none",0,0,0,1,1,0,0,1,0,0,0,0
"742","89uU51kOiQXbJHVA3C6XMQ",4,"none",1,0,0,1,1,0,0,1,0,0,0,0
"748","mobHB_VRr8jRqLoR3-sBVw",4,"none",0,0,1,1,1,0,0,0,0,0,1,0
"749","0kag5JGemji05P3oxx4lpg",3.5,"fullbar",0,1,1,1,1,0,0,1,1,0,1,1
"756","M9fOuiesoUSaouOqNQ3U2w",4,"beerandwine",0,1,1,1,1,0,0,0,1,0,0,0
"762","p2nstdjiVQyz312Zz5u3DQ",4,"none",0,1,1,1,1,0,0,1,1,0,1,1
"768","MedWQ7ljpXnfyNnXPZaBmA",3.5,"fullbar",0,0,1,1,1,0,0,0,0,0,1,0
"773","W537pidoTVQmn9x1GPpxgA",4,"none",0,1,1,1,1,0,0,1,0,0,0,0
"774","dunZ7E-LwPvkAS6ERVa8gw",2,"none",0,0,0,1,1,0,0,0,0,0,0,1
"776","s6L6SdVYhPcOQEDmNIg1-g",3,"none",0,0,1,1,1,0,0,0,0,1,1,1
"777","9pTewioF128zRmHKAYGYDQ",2.5,"none",0,0,0,1,1,0,0,0,0,0,0,1
"778","SYKIUCvN9JdSkVampgccfA",3.5,"none",1,0,1,1,1,0,1,0,0,0,1,0
"779","vQtlv7CEiOjpUqh8Kb7iDQ",2.5,"none",0,0,0,1,1,0,0,0,0,0,1,0
"780","t7qvPH0G30w6xX5Q4lf8Jw",3.5,"none",1,0,1,1,1,0,0,1,0,0,1,1
"782","tyCIs0pyyw36apAXdR26WQ",2.5,"fullbar",0,1,1,1,1,0,0,1,0,0,0,1
"783","rVZfapnQgyVLsNWA583u-A",3.5,"none",0,1,1,1,1,0,0,1,1,0,1,1
"784","079CV1EE5WLdQqVEVYFeHQ",4,"beerandwine",0,1,1,1,1,0,0,1,1,0,0,0
"785","yk1H2EzzLE8XvIlPF_mRuA",3.5,"none",0,1,1,1,1,0,0,1,1,0,1,1
"786","alWRFbDdU3_F1c2C4nG2dw",3,"none",0,1,1,1,1,0,0,1,0,0,1,1
"787","McQsl_USMy6kfUz9J02Tdg",4,"beerandwine",0,1,1,1,1,0,0,1,0,0,0,0
"794","dAcaMSkrpYUZocqrLvOzRQ",3.5,"none",0,1,1,1,1,0,0,1,1,0,1,0
"796","bZaVMkkaXFc0xpnOkacWsg",3,"none",0,0,1,1,1,0,0,1,1,0,1,1
"801","t6ZIBNrQjvtwor8W-u3sUg",4,"none",0,1,0,1,1,0,0,1,1,0,0,1
"806","oXFRaSgcT9GwCWfC9lf8dg",4,"none",0,0,1,1,1,0,0,1,0,0,0,0
"807","nYpxA8exNB1VPuM7XYS7fg",4.5,"none",0,1,0,1,1,0,0,1,1,1,0,0
"808","AcW_Km7jkGBr4rJdIrIP4w",4,"fullbar",0,1,1,1,1,0,0,1,1,0,1,0
"809","0HSY1jGtyFuETZwaJN6rQQ",3.5,"none",1,0,1,1,1,0,0,1,0,0,1,1
"810","lUSAupdaVSoEaUO63RdPZA",3.5,"none",0,1,1,1,1,0,0,1,1,0,0,1
"811","S_VE4sLb8Tu59VYIgwc5Sw",4,"fullbar",0,1,1,1,1,0,0,1,0,0,1,0
"812","HTlsBAd9j1wlWDHxnYczBw",3.5,"fullbar",0,1,1,1,1,0,0,1,1,0,1,1
"818","kPr9rYEkGwbRLgUHvKljQQ",4.5,"beerandwine",0,1,1,1,1,0,0,1,1,0,0,0
"821","wKsqOTkmXIPzrJaPz6uBNg",1.5,"none",0,0,0,1,1,0,0,0,0,0,0,1
"822","SknYYIK1rBNgYqNl4tYUPA",3.5,"none",0,1,0,1,1,0,0,1,0,0,1,0
"832","gDQlaDRAjsCx2p_p6oJLjw",3,"none",0,1,0,1,1,0,0,1,1,0,0,1
"834","RdK6dhy4lOb2taNp-WrHjQ",4,"beerandwine",0,1,0,1,1,0,0,1,1,0,0,0
"837","n62dcL1e8BQA1_kUEYrldQ",4,"fullbar",0,1,1,1,1,0,0,1,1,0,0,0
"839","tNky09c0HBYiHxizht0gCQ",4,"none",0,1,0,1,1,0,0,1,0,0,0,0
"842","Todrg1F247iuDIm784XHfA",4,"beerandwine",0,1,1,1,1,0,0,1,0,0,1,0
"846","kzCG-KC3YVrQs7l-0d0b1w",3.5,"none",0,1,1,1,1,0,0,0,0,0,0,1
"847","s36Rk0jd78z75LaqifnU3Q",4.5,"fullbar",0,1,1,1,1,0,0,1,0,0,1,0
"849","nwHd2MbIGz0SNG8GpFjekw",4,"fullbar",0,1,1,1,1,0,0,1,1,0,1,0
"852","krAgdtJ-2CcNGpuwKCbt9A",3,"fullbar",0,1,1,1,1,0,0,1,0,0,1,0
"853","n6AxJR-ey2_DgAJPZfEvfQ",2.5,"none",0,0,1,1,1,0,0,0,0,0,0,0
"855","HJEaoW2OUTeZuQcygYUpqQ",4,"none",0,0,1,1,1,0,0,0,0,0,1,0
"857","8ci0d-HKFK8MgHrf8kPF8g",3,"none",1,0,1,1,1,0,0,1,0,0,0,1
"858","oDM09XMN-FG0ii_gdVMrTw",2,"none",0,0,0,1,1,0,0,0,0,0,0,0
"859","P6c0lV9DeJ6ofntpTWyqhA",3.5,"fullbar",0,1,1,1,1,0,0,1,1,0,0,0
"861","zwmps5SXn30g-f5wqg_r9A",3,"fullbar",0,1,1,1,1,0,0,1,1,0,1,0
"864","9li2xKBUybR_7JGiCwo6Gg",3,"none",0,0,1,1,1,0,0,0,0,0,1,1
"868","h7As2jB8bhfFxCMCvdssWA",4,"beerandwine",1,0,0,1,1,0,0,1,1,0,0,0
"869","y83KJBCcnhm-aYqtUJHDHQ",4,"beerandwine",0,0,1,1,1,0,0,1,0,0,0,0
"875","ccdcyzc1oSucd-qRlnYR0w",1.5,"none",0,0,1,1,1,0,0,0,0,0,1,1
"879","hkeHIe-JaUK5S5dUHgrBbA",4,"none",0,0,0,1,1,0,0,1,1,0,1,1
"884","RwMLuOkImBIqqYj4SSKSPg",4,"none",0,1,1,1,1,0,1,1,1,0,0,0
"885","CJvN2k3gjR7JspTx21icTQ",4.5,"none",0,1,1,1,1,0,0,1,1,0,0,0
"888","prHnRsgY-PuM7vxe8-RwEA",2,"none",1,0,0,1,1,0,0,0,1,0,0,1
"890","oE6gKgUfMd74m77d6hG9qg",4.5,"none",0,0,1,0,1,0,0,0,0,0,0,0
"891","xw6G0T2VQZAtta6RcZoAOQ",3,"none",0,1,1,1,1,0,0,1,1,0,0,0
"894","Oi-u4KqrcZbIWSYKnh7mJA",3.5,"beerandwine",0,1,0,1,1,0,0,1,0,0,0,1
"901","QXR-YnHgV0qDyuUTckYeGw",3.5,"none",0,1,1,1,1,0,0,1,0,0,1,1
"902","HKoPaMZc1iG8XYzYRhwBKw",3,"none",0,0,1,1,1,0,0,0,0,0,0,1
"903","Hgy5MrIKrwRJDXnwKaCpbA",3.5,"fullbar",0,1,1,1,1,0,0,0,1,1,1,0
"904","M9aTtOeOIG-EOLeHNgkKfQ",4.5,"none",0,0,1,1,1,0,0,0,0,0,1,0
"905","nNz_7luh2aD1_U9N3tJUMA",3,"none",0,0,0,1,0,0,0,0,0,0,0,0
"906","J5tGb5yI9-bMEohZrtf0SQ",3,"none",1,1,1,1,1,0,1,1,1,0,0,1
"908","OWMCp8jmbjouogxcKarQFg",3,"none",0,0,1,1,1,0,1,0,0,1,1,0
"909","nCJMgK00U7J3MyjLqZOSeQ",2.5,"fullbar",0,0,1,1,0,0,0,0,0,0,1,0
"910","syQBNfPzUKGnZE6w8cLuYA",2.5,"none",0,1,1,1,1,0,0,1,0,0,1,0
"911","Z1yvzAbs4fGC28s7WtUonA",3.5,"beerandwine",0,1,1,1,1,0,0,1,0,0,0,0
"913","atLCqV8RGezSxgLzcM9HaQ",4,"none",0,1,1,1,1,1,0,1,0,0,1,0
"917","tNJgmbODR-N0qdPGy4Vsrw",3.5,"fullbar",0,1,1,1,1,0,0,1,1,0,1,0
"918","qThJY-H6Fo8HvfdIvwrjiw",4.5,"none",0,1,1,1,1,0,0,1,0,0,0,1
"919","8Syk4yZRivDlVUdXxIPutQ",4,"beerandwine",0,1,1,0,1,0,0,1,1,0,1,0
"920","bsme1TUoEQt5EDF7O6HBrg",4,"none",0,0,1,1,1,0,0,1,1,0,0,0
"922","N9JASBwB9kWtK0_EjTa1nw",4,"none",0,0,0,1,1,0,0,1,0,0,0,0
"924","zWKpPyzm0W9N5OEPDuwgMA",3.5,"fullbar",0,1,1,1,1,0,0,1,1,0,0,0
"927","I0f12eU-xFn6Kd_4H57jrQ",3,"beerandwine",0,1,1,1,1,0,1,1,1,0,1,1
"928","oGYXSVs0ympLy0ur8Qnp7g",3,"none",1,0,0,1,1,0,0,1,0,0,0,0
"930","SktLID5_ywSlgVE-h3NB3Q",3,"none",0,1,1,1,1,0,0,1,1,0,1,1
"931","E_DXCeVllZtHV93hsAIZvw",4.5,"none",1,0,0,1,1,0,0,1,1,0,1,0
"932","CuIPocteo1F3LEn1OqUoHg",4,"beerandwine",0,0,0,1,1,0,0,0,0,0,0,0
"933","9pvJiPUzB5JTqhNTloKjvA",2.5,"none",0,1,1,1,1,0,0,1,0,0,0,0
"936","aJR1iUWwNVBM692gq7adBA",4,"none",0,1,1,1,1,0,0,1,1,0,0,1
"937","dCX6CvWGn8oiPSD_yxrm0Q",3.5,"none",0,1,0,1,1,0,0,1,1,0,0,1
"941","Kx0MUrNQ737s-VVElk6Vig",4,"none",1,0,1,1,1,0,0,1,0,1,1,1
"942","tpCALADHTuBaCJNgAluj2w",3,"none",0,1,1,1,1,0,1,0,0,0,0,0
"943","Y-oPVMkxgEsve1sG2iDLXA",4.5,"beerandwine",0,1,1,1,1,0,0,1,1,0,0,0
"947","z4K95Y4P5nMrtJiDtXWDYA",3.5,"fullbar",0,1,1,1,1,0,0,0,1,0,1,0
"953","BY1_pf7FHUycHOwYEenDlQ",3.5,"none",0,1,1,1,1,0,0,1,1,0,0,1
"954","CUn59grUqyROxhSyfjjhHw",2.5,"none",0,0,1,1,1,0,0,0,0,0,1,0
"957","1ME-zOtZ9HApzJUOpR0-vQ",4,"none",0,1,1,1,1,0,0,1,0,0,1,0
"960","O3y-5O1n5l0ge_6KGyR_4A",4,"none",0,1,1,1,1,0,1,1,1,1,1,0
"961","Kvm-YTwOrexgqxZ25CRi-w",4,"none",0,0,0,1,1,0,1,0,0,0,1,0
"962","ed1KHQwsAYyFDrlUdwqJBA",3,"none",0,0,0,1,1,0,0,0,0,0,0,0
"963","jS3U9iEGnJY7j5oT9iDN7A",3,"fullbar",0,1,1,1,1,0,0,1,1,0,1,0
"967","F1PMcEIg-FHZvwhiUoFEgw",4,"fullbar",0,1,1,1,1,0,0,1,1,0,1,0
"969","-UjCvAsvBOr19y8lqPueiQ",3,"none",0,0,1,1,1,0,0,1,0,0,0,0
"973","9ySFD8tMkeuTclyWfanI9w",3.5,"none",0,0,0,1,1,0,0,0,1,0,0,0
"976","WRsx6oYB8vtEM24auz275A",4,"fullbar",0,1,1,1,1,0,0,1,0,0,1,0
"977","1zI3trw5QLNdypXBfudh0w",3.5,"none",0,0,0,1,1,0,0,0,0,0,1,1
"982","JlNeaOymdVbE6_bubqjohg",3.5,"none",0,1,1,1,1,0,1,1,1,0,0,0
"985","QKCu3cKjMAOOZI7tEfv0zg",3.5,"none",0,1,1,1,1,0,0,1,1,0,0,1
"997","l9B72QwKjUhEA-pLumCa5w",3.5,"none",0,1,1,1,1,0,0,1,1,0,1,1
"999","vvyr4r16lx5hjHJpaFJ8kw",3,"none",0,0,0,1,1,0,0,0,0,0,0,1
"1003","ifHBH2gZS_feI6JlFbGFfQ",3.5,"fullbar",0,1,1,1,1,0,1,1,1,0,1,0
"1004","9Zhiktm7_LYN_uxaT9XEhg",3,"none",0,0,1,1,1,0,0,0,1,0,1,0
"1006","5uk8eUTiRS_Y5p_EjnrfkQ",2.5,"beerandwine",0,1,0,1,1,0,1,0,0,0,0,0
"1007","9gQyf3h7XK0lKJYLGcIYlA",3.5,"none",0,0,1,1,1,0,0,0,0,0,0,0
"1008","jDZJsIyc3jXjcTtJk_p8ZA",3,"none",0,1,1,1,1,0,0,1,1,0,0,0
"1012","2PnRXLAN3KFEu4g0OUL2iw",4,"none",0,1,1,1,1,0,0,1,1,0,0,0
"1014","CGgUHkAKU0QBsdGvXxfMuw",3.5,"none",0,1,0,1,1,0,0,1,1,0,1,1
"1015","a_ai1uMhAqQSYaO_QNmnSw",3,"fullbar",0,1,0,1,1,0,0,1,1,0,1,0
"1017","bjr8Uyi-r6xDeXVAhSX-cA",2.5,"none",0,1,1,1,1,0,0,1,1,0,1,1
"1018","4g3IsMpBLReHDA5JatpPzw",4,"none",0,0,1,1,1,0,0,0,0,0,0,0
"1020","rbH0HuTcBvZBbiAnqufRqQ",4.5,"beerandwine",0,1,1,1,1,0,0,1,0,0,1,0
"1022","6WDDksGLLehfQDIvQXzR5w",4,"none",0,1,1,1,1,0,0,1,1,1,0,1
"1023","WEs9MN1M6tixwEz844jCUw",2.5,"none",1,0,0,1,1,0,0,0,0,0,0,1
"1024","fjE-jiwnTQysz-rLl6YMQg",4,"none",0,1,0,1,1,0,0,1,1,0,0,1
"1030","gIno_cXhvn6Om14D0I2vHg",3.5,"fullbar",0,1,1,1,1,0,0,1,0,0,1,0
"1032","Jzz-ZLXsd2ClSn6UyFcbpw",2.5,"none",1,1,1,1,1,0,0,1,1,0,1,0
"1033","WPkRg0eaJZFbyXm0uNb1ZA",4,"fullbar",0,1,1,1,1,0,0,1,1,0,1,0
"1034","Re4lbcGNpkWduWDDsCXUbg",3.5,"none",0,0,1,1,1,0,0,0,0,0,0,0
"1037","-LAiusd8GnWFR8atxbT-Vw",3,"fullbar",0,1,1,1,1,0,0,0,1,0,1,0
"1038","b65Ugu0VDKDNbLq7sW9RDQ",3.5,"none",0,0,1,1,1,0,1,1,1,0,1,0
"1039","oWxiT2PasutHFyZp8Yh2mA",4,"none",0,1,1,1,1,0,0,1,1,1,0,0
"1040","XBikK0GMqJTF5d_bI3VSkA",3,"beerandwine",0,0,0,1,1,0,1,0,0,0,0,0
"1043","qdtfcYMROGZVvYcE9F23yg",3.5,"beerandwine",0,1,1,1,1,0,0,1,0,0,1,1
"1045","ceuvH6NpDhpT1p4q1w93pA",3.5,"beerandwine",0,1,1,1,1,0,0,1,1,0,1,1
"1048","ak-f8IV0ZdDeI4oYnjA1Pw",4.5,"none",0,1,1,1,1,0,1,1,1,0,1,0
"1049","7PTQ-a8Fu4kxXccFvWWT-Q",1.5,"none",0,0,0,1,0,0,0,0,0,0,0,1
"1051","toc31C-Qy2smSq0A7Q8FgA",3.5,"none",1,0,1,1,1,0,0,1,1,0,0,1
"1054","QMPDsRxHmDtap9ECO1Uwjg",3.5,"none",0,1,1,1,1,0,0,1,1,0,0,1
"1057","jslGoWrJQtpC1UgEve0YgA",3,"fullbar",0,0,1,1,0,0,0,0,0,0,0,0
"1058","Sh-XzCG2pZ59g85kjROciw",4,"none",0,1,1,1,1,0,0,1,0,0,0,1
"1059","vAh6WNioOEw7G9tGhd_JQw",4,"beerandwine",0,1,0,1,1,0,0,1,1,0,0,0
"1061","FtLibezRe7HsT13BLpR-Dg",3.5,"fullbar",1,0,1,1,1,0,0,1,1,0,1,0
"1065","Fo-Qyaas3tOsA_GE4_lFbQ",2,"beerandwine",1,0,1,1,0,0,1,0,0,0,1,1
"1066","jrWegacxD7lD1Cp-Kc5m2w",3.5,"none",0,0,0,1,1,0,0,1,0,0,0,0
"1067","A5Xd85djipsW546Bq6qIYA",4,"none",0,1,1,1,1,0,0,1,1,0,0,1
"1068","-pL4Id5cuz2yC2UKi2Yq9A",4,"fullbar",0,1,0,1,1,0,0,1,1,0,1,0
"1071","G3pcVtRukZM2oKiLeNiUUA",4,"none",0,1,1,1,1,0,0,0,0,0,1,0
"1072","c2l80imPWR8V6gIEM02XPg",3,"none",1,0,1,1,1,0,0,1,1,0,0,1
"1073","Nsi49BE_XsjJ0oOXwhH8hA",2,"none",1,0,1,1,1,0,0,1,0,0,0,0
"1074","WPQEzolKWpB_zOx-iexoBA",3,"none",0,0,1,1,1,0,0,0,0,0,1,1
"1075","U3ShrvhAFpv5mfT6z07eGw",3.5,"none",0,1,1,1,1,0,0,1,0,0,0,0
"1076","h9pEt23IAyjBtUaYA9v46A",5,"none",0,1,1,1,1,1,0,0,0,0,0,0
"1077","Gkhi0IkGAIls6YgXBSdZqQ",4,"none",0,1,1,1,1,0,0,0,0,1,1,0
"1081","XH4jDFKyeCI7qkKq6PB9Nw",2.5,"none",0,1,0,1,1,0,0,1,0,0,0,0
"1083","pt7p4klGicvPZe04mhhVGQ",4.5,"beerandwine",0,1,1,1,1,0,0,1,1,0,1,1
"1086","ZrucPqD_AGAZM53BwtsdTw",3.5,"none",0,0,0,1,0,0,0,0,1,0,0,1
"1090","9Ii0ZUKw0zAus-AnI00xLw",2.5,"fullbar",0,1,1,1,1,0,0,0,0,0,1,0
"1093","a2NSxkmX0_eqvdwJ2rjPVg",3.5,"fullbar",0,1,1,1,1,0,0,1,1,0,0,0
"1095","ExDYoLUru6wMcAmcSYwM3w",3,"beerandwine",0,1,1,1,1,0,0,1,0,0,1,1
"1098","IyrDnrvUKpndj5zIv1KvGQ",3.5,"fullbar",0,1,1,1,1,0,0,1,1,0,1,0
"1100","6MhY_9EkUkKCvvN8rzXZzg",3.5,"beerandwine",0,1,1,1,1,0,0,1,1,0,1,0
"1101","IMu-TDHot24Y0X7ESLxHyA",3,"fullbar",0,1,1,1,1,0,0,1,1,0,1,0
"1104","elpS_xeOX_S5obTwx55kjg",3,"beerandwine",0,0,1,1,1,0,0,1,0,0,0,1
"1110","XWafv9_J7TUOO4PbEcIFJA",4,"none",1,0,0,1,1,0,1,0,0,0,1,0
"1111","pNp1FK8JqW8ZMA26YJGXYA",3.5,"none",0,1,0,1,1,0,0,1,1,0,1,1
"1112","lXCmTGagqHuPgaeN2g2P1Q",4,"none",0,0,0,1,1,0,0,0,0,0,0,1
"1114","4xnVH2jTVwrsO88q_jHWWw",4,"none",0,1,1,1,1,0,0,0,1,0,0,1
"1115","joTw5858fDh3Y_rF0NDOsg",3.5,"fullbar",0,1,1,1,1,0,0,1,1,0,1,0
"1119","qaJ-HewyVAQCQ8C_KveZ4g",3,"none",0,1,1,1,1,0,0,1,1,0,1,1
"1121","tE4H7SuEBCdF8O-BMAAB6g",2.5,"none",0,0,1,1,1,0,0,0,0,0,0,1
"1122","Pawavw9U8rjxWVPU-RB7LA",3.5,"none",0,1,1,0,1,0,0,0,1,0,1,0
"1123","-cxD1NimFldATDUsN-oa3A",2,"fullbar",0,1,0,1,1,0,0,0,0,0,0,0
"1126","ydUqgWsF3F27TbauOyib0w",4,"beerandwine",0,1,0,1,1,0,0,1,1,0,0,0
"1127","9wNrqTeoEepFSbFu4QLuUQ",3.5,"beerandwine",0,0,1,1,1,0,0,0,0,0,1,1
"1129","sj-0d748hFyfzskL9-57dg",4,"beerandwine",0,0,1,1,1,0,0,0,0,0,1,1
"1130","UZ34XAw1GJ3chCOuKL69Mg",3,"fullbar",0,1,1,1,1,0,0,1,1,0,1,0
"1131","1-EjdZhVZFuNG6ReBS0rvQ",3.5,"fullbar",0,1,1,1,1,0,0,1,1,0,1,0
"1133","oAngC9V69vyzBVYwKEJQaw",4,"none",0,1,1,1,1,0,0,1,1,0,0,1
"1134","iN3SrF5NO0xSf6umeUws-Q",3.5,"fullbar",0,1,1,1,1,0,1,0,1,1,1,0
"1137","YSYDJTCt5kzY2kKnLNGRiA",4,"fullbar",0,1,1,1,1,0,0,1,1,0,1,0
"1139","VONg0lyHm7fUdARWjkkjCQ",4.5,"fullbar",0,0,1,1,1,0,0,0,0,0,1,0
"1140","pODquGPiGwP4-RoY7f4xtA",3,"beerandwine",0,0,1,1,1,0,0,1,1,0,1,0
"1147","67FzueRMlcTQV3Nuep2qPw",3,"none",0,0,0,1,1,0,0,1,0,0,0,1
"1153","UT6L3b7Zll_nvRidijiDSA",4,"fullbar",0,1,0,1,1,0,1,1,1,0,1,0
"1157","Pgay5a3ZPZB_5ijSHAGoyA",3.5,"none",0,0,1,1,1,0,0,0,0,0,0,0
"1158","NVHlTy9TXFJQpUzZKuEeWw",3,"none",0,1,0,1,1,0,0,0,0,0,1,1
"1161","cm5pya6toFXn6sJT4FVGyg",4,"fullbar",0,1,1,1,1,0,0,1,1,0,1,0
"1162","uWrrQ8Rk2uM2WqPMi7EDag",3,"none",0,1,1,1,1,0,1,1,1,0,0,0
"1163","ghVWzVyEUW1BA_WBX-P5aQ",2.5,"none",0,0,0,1,1,0,0,1,0,0,0,0
"1166","S6V63OzrCaj22BQJeKBDCw",3,"none",0,0,1,1,1,0,0,1,0,0,0,0
"1168","e_W6Q-qOHcUR5ZKrwvC2qw",3,"none",0,0,0,1,1,0,0,0,1,0,0,0
"1173","FiG8PzWKRYehtPPcPtOStw",3.5,"fullbar",0,1,1,1,1,0,0,1,0,0,1,1
"1175","CtYWpX_cy1YdZgoKtS0Tqg",2,"none",0,0,0,1,0,0,0,0,0,0,0,1
"1179","kGU2-r-615GNDzS-JZ6zHw",3.5,"none",0,1,1,1,1,0,0,1,0,0,0,1
"1182","bjbegGikWzSgeVsOJdE22g",4,"none",0,1,1,1,1,0,0,1,1,0,0,0
"1186","by7BOr074_BKz7hkRIi9WQ",3,"beerandwine",0,0,0,1,1,0,0,0,0,0,1,1
"1187","92rhxx9s3s5_vNkJbRjVNw",3,"fullbar",0,0,1,1,1,0,0,0,0,0,1,1
"1188","-uYAkAplo7a4WM7c6lDrWQ",3,"none",0,1,1,1,1,1,0,0,0,0,1,1
"1191","Yuml4M6_FKQNaLlOEt1udw",3,"none",0,0,1,1,1,0,0,0,0,0,0,0
"1196","7ge2DIxgQAl20_wr4yUgsA",4,"none",0,1,1,1,1,0,0,1,1,0,0,0
"1202","iRFaq249LVEFGeXLzPULnQ",4,"fullbar",0,1,1,1,1,0,0,1,1,0,0,0
"1206","V2nl8PxQmMD_ecLpjD2sUw",3.5,"fullbar",0,0,0,1,1,0,0,0,1,0,1,0
"1207","l_MAsRrpzf2sXPykr9DyxQ",4,"none",0,0,1,1,1,0,0,1,0,0,0,1
"1214","ZkEapemTcLOFMBvV9J2iwQ",3.5,"none",0,1,1,1,1,0,0,0,0,0,0,0
"1216","45wDLpgW2BFrCRqlf19Efg",3.5,"none",0,0,1,1,1,0,0,0,1,0,0,1
"1217","rNNVuA-xq1SVEQaLzrK4bw",3.5,"none",0,1,1,1,1,0,1,1,1,0,0,0
"1220","bEv2oci0MMyb3RKwOiYYhw",2.5,"none",0,0,0,1,1,0,0,0,0,0,0,0
"1222","-iBk1_3M_efQtY6Bcygp5w",4.5,"none",0,0,1,1,1,0,0,0,0,0,0,0
"1223","IcnJlauqhHfelo_qp9uKuw",3.5,"none",0,0,0,1,1,0,0,0,0,0,0,1
"1224","Kbidfh24_7-a380tovQeYA",4,"none",0,0,1,1,1,0,0,0,0,0,1,1
"1225","BNzcfz3jmBo_1wUB5YIsXg",3.5,"none",1,0,1,1,1,0,1,0,0,0,1,0
"1227","KjjNv4YFzBFnsBh2ncH1Iw",3,"beerandwine",0,1,1,1,1,0,0,1,0,0,1,1
"1228","y3RlbCN0UrDdLnjSF9NkXA",3.5,"fullbar",0,1,1,1,1,0,0,1,0,0,0,0
"1232","Srl3TFbOAfa-9_1m_wK6xQ",3,"none",0,0,1,1,1,0,0,1,0,0,0,1
"1234","UFVy-8WC7pDzvBUzOvdwzA",3.5,"fullbar",0,1,1,1,1,0,0,1,1,0,1,0
"1235","mKNzA_CjO3NXcCn9RphHiw",3.5,"none",0,1,0,1,1,0,0,0,0,0,0,0
"1239","jUxLgiiYKnsM238eUZUqlA",3.5,"beerandwine",0,1,0,1,1,0,0,0,1,0,1,0
"1240","YjmbCvygeMj9dfJp6neQ_A",4.5,"none",0,1,0,1,1,0,0,1,0,0,0,1
"1241","HpRj2Lv27EUQql0POE5sQw",4,"beerandwine",0,1,0,1,1,0,0,1,1,0,1,0
"1245","dYZqJ2S1ND9KghLIKJg71g",3.5,"none",0,0,1,1,1,0,0,0,0,0,1,0
"1246","3Ui-76sC9_fNs2gu8ISAMw",3.5,"fullbar",0,1,1,1,1,0,0,1,1,0,1,0
"1247","B3H60GaBic12F4VLBi7-9A",2.5,"none",0,0,0,1,1,0,0,0,0,0,1,0
"1250","-o082vExIs0VVNSuZmiTQA",3.5,"fullbar",0,1,1,1,1,0,0,1,1,0,1,0
"1255","oeGABTHjS2EEJg9j7WIHoA",4,"none",0,0,1,1,1,0,0,1,0,0,1,0
"1256","i8hkzA5eiUXgbPjN8vK3rQ",3.5,"fullbar",0,1,1,1,1,0,0,0,1,0,1,0
"1257","y6QP5IrOJ7_FsB51jN2_Jg",4,"fullbar",0,1,1,1,1,1,0,0,1,0,1,0
"1258","iRa-394URsOWGfcFqvm1vw",3,"none",0,1,1,1,1,0,1,1,1,0,0,0
"1259","dQsKVABQ750EIIoqWMSy8A",3,"none",0,0,0,0,1,0,0,0,0,0,0,0
"1263","1kHr1RTkm_J-dfrq-HPBug",3.5,"none",0,1,1,1,1,0,0,0,0,0,0,0
"1264","hVC6E29dg5Rx4ADSxt3kTA",3.5,"beerandwine",0,1,1,1,1,0,0,1,1,0,0,0
"1266","7NvIgf7XW55OKa5ZU7gw8Q",4,"none",0,1,0,1,1,0,0,1,1,0,1,0
"1267","9SHoWGXsGOCa5hOjBOzPtg",2,"none",0,1,0,1,1,0,0,1,0,0,0,1
"1268","h3BoyKFgStjnBeKO-wLmIg",3.5,"none",0,1,1,1,1,0,0,1,0,0,1,1
"1270","34PMhyoSQHVd4Lr7slzUcA",3,"beerandwine",0,1,1,1,1,0,0,1,0,0,0,0
"1275","jXBNc4tQTR1WtmDb6-GOQg",4,"fullbar",0,1,1,1,1,0,0,0,1,0,1,0
"1278","kbq9QlIprqKpIWXZEXtGSA",3,"none",0,0,1,1,1,0,0,1,1,0,0,1
"1279","AES2bv2pf2jIL5c2qVQ33w",2,"none",0,1,0,1,1,0,1,0,1,0,0,1
"1281","tVThRKf3tqPqgY7fSnVo8g",4,"none",0,1,0,1,1,0,0,0,0,0,1,0
"1283","3nf-a84p8LC41_WAIvJPjg",4,"fullbar",0,1,0,1,1,0,0,1,1,0,1,0
"1286","b9b58YAzTzgOZDREH_cDfw",3,"none",0,1,1,1,1,0,0,0,1,0,0,1
"1292","QMaaLfedGzNhHz6PZKAUkw",2,"none",0,1,1,1,1,0,1,0,0,0,0,0
"1293","gZByUgIJsYIcZCGs--4Zhw",4.5,"none",0,0,1,1,1,0,0,1,0,0,0,1
"1296","8USUyIeN39rurnqCn5cA0w",4.5,"beerandwine",0,1,1,1,1,0,0,1,0,0,1,0
"1300","zxVw9U56heInhfyprhkxIg",3,"none",0,0,1,1,1,0,0,1,0,0,1,1
"1303","THcAGc-Fb8gqmA1V-KvFkw",4.5,"none",0,1,1,1,1,0,0,1,0,0,1,0
"1306","70WDApYtMcLlrnb1EUW6fg",4,"fullbar",0,1,0,1,1,0,0,0,1,0,0,0
"1309","ySBvgchqN-sJmvUQVcTpnw",3,"none",0,1,0,1,1,0,1,1,0,0,0,0
"1314","IghwtXL8ZgK2dEL62Pzhrw",4.5,"none",1,0,0,1,1,0,0,1,1,0,0,0
"1318","E61BFeXifxFdOcq49ZCLRA",3,"fullbar",0,1,0,1,1,0,0,1,0,0,1,0
"1320","XqYmemYJ630xqBaOZDr1pw",4.5,"none",0,1,1,1,1,0,1,0,0,0,1,0
"1321","5qK5rJxwo0cjP3vTf3lkSA",1.5,"none",0,0,0,1,0,0,0,0,0,0,0,0
"1323","Ve6bA_jf9A7EWKXeyWf7PA",3.5,"none",0,0,1,1,1,0,0,1,1,0,1,1
"1326","Rt_M67qJU8x4QGhdYwnkAQ",2.5,"none",0,0,0,1,1,0,0,0,0,0,0,0
"1327","tXZxc-3HcXvj1Z-Tzs4Mkw",3,"fullbar",0,1,1,1,1,0,0,1,0,0,1,0
"1328","zwNLJ2VglfEvGu7DDZjJ4g",3,"fullbar",0,1,1,1,1,0,0,1,1,0,1,0
"1329","R7-3MCD6_RL_VxN65yCh2Q",4,"none",0,1,0,1,1,0,0,1,1,0,0,1
"1331","YQ--LJ7pvjiDSqNv0TuKTQ",4,"fullbar",0,1,0,1,1,0,0,1,1,0,1,0
"1334","sOXRk5TkFrz3pKzUYF1EEw",2.5,"none",0,0,0,1,1,0,0,0,0,0,0,1
"1335","qjWiqyYCiEUnmb16TlDIyQ",3.5,"fullbar",0,1,1,1,1,0,0,0,1,0,1,1
"1336","TH_Vr8_LCnAXFDUqSkF-HA",4,"fullbar",0,1,1,1,1,0,0,1,1,0,1,0
"1337","BJwBqOe8poLbpaC3gyj6yQ",2.5,"beerandwine",1,0,1,1,1,0,0,1,0,0,1,1
"1342","58sCCOPM4vS4yQCEwL1pjA",2.5,"none",0,0,1,1,1,0,0,0,0,0,0,0
"1343","7KkgMcbVaetryW1wwpzvvA",3.5,"none",0,1,1,1,1,0,0,1,0,0,0,0
"1344","znNyiHZs5TAX64WonjJ4dg",3.5,"none",1,0,1,1,1,0,1,0,0,0,0,0
"1350","u3nwislXMKKwkpHAXAArbQ",3.5,"beerandwine",0,1,0,1,1,0,0,1,1,0,0,0
"1353","qi3JiaD6bzjsE22HFIrpng",3,"none",0,1,0,1,1,0,0,1,0,0,0,0
"1361","Ru09o7KDyRyRX_Le3eHjNQ",3,"none",0,0,1,1,1,0,0,0,0,1,0,0
"1362","qoiUo-7k2ATm0eokxNr8nA",3,"beerandwine",0,1,1,1,1,0,0,1,1,0,1,1
"1364","Xg7Gt8vlSPxSypDQQSVsAA",3.5,"fullbar",0,1,1,1,1,0,0,1,1,0,1,0
"1366","NhGkSF9UB3hiDKUY9roHBg",3.5,"none",0,1,1,1,1,0,0,0,1,0,1,0
"1367","fXSOxjL7FP_sVew1gXnOIw",3.5,"beerandwine",0,1,0,1,1,0,1,0,0,0,0,0
"1368","-fTO9qRo70bblJmbNxOnag",3.5,"none",0,0,1,0,1,0,0,1,0,0,0,0
"1371","yZE8Vwam62qWB5bO0kvp6w",2,"none",0,0,0,1,1,0,0,0,0,0,1,0
"1372","DiCfRiL3WX-vwkK85qrIjw",3.5,"none",0,1,1,1,1,0,0,0,1,0,0,1
"1380","bCrMHwCLZzyKsAUOiAL0OA",3.5,"beerandwine",0,1,1,1,1,0,0,1,1,0,1,1
"1385","hgo0jDweUcHMHqNDnQQm9A",3.5,"fullbar",0,1,1,1,1,0,0,0,1,0,1,0
"1386","SV8y4bp5HmgURzvUC2Rs9w",3.5,"none",0,1,1,1,1,0,1,1,1,0,1,1
"1388","u_8cVZyxh0J468zEZUjNDQ",4,"beerandwine",0,1,0,1,1,0,1,0,1,0,0,0
"1389","-kHQWsdlHfASvHCj59dzGA",2,"none",0,0,0,1,1,0,1,1,0,0,0,0
"1390","J7KlrDFrriWoRkIUVNRPbg",3,"beerandwine",0,1,0,1,1,0,0,1,0,0,0,0
"1391","xlXwxfiUD4bgJFKUYwkzOg",4,"fullbar",0,1,1,1,0,0,0,0,1,0,1,0
"1392","h84tU6REsM1VzyUCP0Ss7Q",3,"none",0,0,1,1,1,0,0,1,0,0,1,0
"1393","DTvcpHf2gGKgSujUVXA7sA",3,"none",0,1,1,1,1,0,0,1,0,0,1,0
"1394","5ts_r4K6y103zNXt0k6nEg",4,"fullbar",0,1,1,1,1,0,0,1,1,0,1,0
"1395","hvuKpdYWyoFm6abwfQiipQ",2.5,"none",0,0,0,1,1,0,0,0,0,0,1,1
"1397","u_yEzg8t42Yd8qT2yV7OrA",2.5,"none",0,1,1,1,1,0,0,1,0,0,0,0
"1398","5KWJZHhG88echvquDBu4iw",3.5,"fullbar",0,0,1,1,1,0,0,0,0,0,1,0
"1400","pG90UZcF21ZYvXQbDdkkLg",3.5,"fullbar",0,0,1,1,1,0,0,1,0,0,1,0
"1403","Pm6f790F7DLgNRF4Ormszg",4,"none",0,0,0,0,1,0,0,0,0,1,1,0
"1405","TH34Fsp9fkARGhKa6u3qrQ",3,"none",0,1,1,1,1,0,1,1,1,0,0,0
"1411","vhKUBKcOm8zOLxeS3XM9iA",3,"beerandwine",0,1,1,1,1,0,0,1,1,0,1,1
"1414","pi1UM_U1hq-DwDYqQRK1Wg",3,"none",0,0,1,1,1,0,0,0,0,0,0,0
"1416","j4Ms51MtI4arORwaICNfCw",3,"none",0,1,0,1,1,0,0,0,1,0,1,1
"1418","0eZHVYDyACtVVOIgoBlV3g",3.5,"none",0,1,1,1,1,0,0,1,0,0,1,0
"1422","nMV7Sn15I87tDlHJiSE92A",3.5,"fullbar",0,1,1,1,1,0,0,0,0,0,1,1
"1425","ROeCBwuy5lfHUo8v0SMwSg",4,"none",0,1,1,1,1,0,0,1,0,0,1,0
"1426","o8xPa5jrETlJwaqkdSeUdw",2.5,"none",0,1,1,1,1,0,0,0,0,0,0,0
"1427","U21YaTK4PVlfNHQSyBkJUg",4,"beerandwine",0,1,1,1,1,0,0,1,1,0,0,0
"1436","2ivGlp_mVzwFaPjatAERXg",2.5,"none",1,0,1,1,1,0,1,0,0,0,0,0
"1439","0dr1FgqQSEMbaTu9SDqiIg",3.5,"none",0,1,1,1,1,0,0,1,1,0,0,1
"1441","gofm05Jo-OYqjlxuD5BBDw",4,"none",0,0,1,1,1,0,0,1,0,0,1,1
"1442","P28agvrsm3OARbV3tFQbUg",4,"none",0,1,1,1,1,0,0,0,1,0,0,1
"1444","OM31QC8tyTOXZgK0FDz_hw",3,"none",0,0,1,1,1,0,0,0,0,0,0,0
"1445","EVbEdWYLE9GDpVG97MGw-w",3,"fullbar",0,1,1,1,1,0,0,1,1,0,1,1
"1446","MhnihE0alud0ereVInSt8Q",3,"none",1,0,1,1,1,0,0,1,1,0,1,1
"1448","jBKJMUcMuBmHqe5_U7GQ0Q",3,"fullbar",0,1,0,1,1,0,0,1,1,0,1,0
"1450","1nqfF7z_bAnODz7cJ-uekA",3,"beerandwine",0,0,0,1,1,0,0,1,0,0,0,0
"1457","h0Wmyzb8q0bXbrqmWqVvfQ",4,"beerandwine",0,1,0,1,1,0,0,1,0,0,0,0
"1458","b7Y4dIggAacPum1tF3NpKg",3.5,"fullbar",0,1,1,1,1,0,0,1,1,0,1,1
"1459","i3tQsfpdKoXttqp4CFLA-Q",2,"none",1,0,1,1,1,0,1,0,0,0,1,0
"1461","pzy9xWQqsDxVU6j9MktRJg",4,"fullbar",0,1,1,1,1,0,0,1,1,0,1,0
"1462","6tTv835MSguUBDpDtVRvMA",4,"beerandwine",0,1,1,1,1,0,0,1,1,0,1,0
"1468","25PEf9-e8_7phdV7JjOHhA",3,"none",0,1,1,1,1,0,0,1,1,0,0,0
"1469","0qOI8lOZvvhrbtxqjaBQMg",4,"none",0,0,1,1,1,0,0,1,1,0,0,0
"1470","si0aURvXxdwP04oJqkr_zA",4,"fullbar",0,1,1,1,1,0,0,1,1,0,1,0
"1471","FcYAwxuOys7NtnUPhRkA_Q",3.5,"beerandwine",0,1,1,1,1,0,0,1,0,0,0,1
"1473","1Yk-GnszDT9g1E1jnD1sIw",3.5,"none",0,1,1,1,1,0,1,1,0,0,1,0
"1475","KljAJzE4WuV1ay503jjP6w",2,"none",0,0,0,1,0,0,0,0,0,0,0,1
"1477","19f_Hyq38r6ycACRw-JG6w",4,"none",0,0,0,1,1,0,0,0,0,1,0,0
"1478","Lku_keJf44D0LxbRAIZOcg",3.5,"none",0,1,1,1,0,0,0,1,0,0,0,1
"1481","S-oIZWzHhTRF3iqqQMvYoA",4,"none",0,1,1,1,1,0,0,1,1,0,0,0
"1483","cZf3Cosu-Aw3D3uVtY9quA",3.5,"none",0,0,1,1,1,0,0,1,0,0,0,0
"1486","a0Jm-rlHOKk_1fm4hzxskg",4,"fullbar",0,1,0,1,1,0,0,1,1,0,0,0
"1487","NrokuoWJAy_VbMprivfAIA",3.5,"none",1,0,1,1,1,0,0,0,1,0,1,1
"1488","fc4Kr69aeUQ3ItOlbewfCg",2,"none",0,0,1,1,1,0,0,0,0,0,0,1
"1489","rbywwnfMjFjJwLQkgpdIEw",4.5,"none",1,0,1,1,1,0,0,1,0,0,1,0
"1494","Lfo8OEUIcswnMLIAXpFWYg",3,"none",1,0,1,1,1,0,0,1,1,0,0,1
"1495","KuZJcLIe3r0zO0x5TlmsKw",3,"none",0,1,1,1,1,0,1,0,0,0,0,0
"1496","02E9r4BQzVrA76Bf7G-KMw",4,"fullbar",0,1,1,1,1,0,1,0,0,0,0,0
"1498","dJF4C707KVhFx1qcRJhlEA",4.5,"none",0,1,1,1,1,0,0,1,0,0,0,0
"1499","MtxfrJwF-OTvJGyWV1PfzQ",4,"beerandwine",1,0,1,1,1,0,0,0,0,0,0,0
"1501","333W59XcrXZsJlnBAAx5mQ",4,"fullbar",0,1,1,1,1,0,0,1,1,0,1,0
"1502","sPd3E7lFzd_yooiq-ekxtQ",2.5,"fullbar",0,1,1,1,1,0,0,0,1,0,1,0
"1503","5VXlHFrYZZzj7zfZEsz5nQ",3,"fullbar",0,1,0,1,1,0,0,1,1,0,0,0
"1505","v1vcs-uSAQcjTFsHxS1dug",3,"fullbar",0,1,1,1,1,0,0,1,1,0,1,0
"1506","lyTIuSgPdyRMx3l7xPzl3A",3.5,"fullbar",0,0,1,1,1,0,0,0,0,1,1,0
"1511","JqMjfqxTffrHMabizYbVPA",2.5,"none",0,0,1,1,1,0,0,1,0,0,1,0
"1514","MQEpDvkdL39hh1N0We3Vaw",3,"fullbar",0,1,1,1,1,0,0,1,1,0,1,0
"1515","U9aA5H13y7t9xWnoQslV0Q",2.5,"fullbar",0,0,0,1,1,0,0,1,1,0,1,0
"1517","ewhYqXL8jLrNpwQGnGIhyw",4,"none",1,1,1,1,1,0,0,1,0,0,1,0
"1518","uZ0C261kg1YgvTMTEmIL0Q",4,"none",1,0,0,0,1,0,0,1,1,0,0,0
"1520","FTo64sohiSRBRM9e9NzeAQ",3.5,"beerandwine",0,1,1,1,1,0,0,1,0,0,0,0
"1521","cbOsasex5EmQEy554-Fz0Q",2,"none",0,0,0,1,1,0,0,0,0,1,0,0
"1522","_Kd0kQ8RF70hJ1ykLqCRyQ",3.5,"none",0,1,0,1,1,0,0,1,1,0,0,0
"1523","kbTAyySlUZrTAr0nJOjiUw",3.5,"fullbar",0,1,1,1,1,0,0,1,1,0,1,0
"1524","CVECSCW-7zDzjpIPxsew4g",4.5,"none",0,1,0,1,1,0,0,1,1,0,1,0
"1533","sHPrepHE7L4sV5Dd3SovSg",2.5,"beerandwine",0,0,0,1,1,0,0,0,0,0,0,0
"1537","iIjVO7cLD1UEmIO7G05Ujw",4,"fullbar",0,1,0,1,1,0,0,1,1,0,0,0
"1538","MXI3o5dhAV5LA-N9WIABOA",3.5,"fullbar",0,1,1,1,1,0,0,1,1,0,1,0
"1540","vw6WWSFqJmeeQr-MUpAMUg",3,"none",0,0,0,1,1,0,1,1,0,0,1,0
"1541","xRhO5lLaKbxG0IRHwYIc5w",2.5,"none",0,0,1,1,1,0,0,0,0,0,0,0
"1546","fasduK6l1bu2ngRSLDNkIw",4,"none",0,1,1,1,1,0,0,1,0,0,0,0
"1551","fmVKBldrSIgFPKigYcu1Uw",3.5,"none",0,1,0,1,1,0,0,1,1,0,1,1
"1555","HpK1ILGUm5W129toiRSsXw",4,"none",0,1,1,1,1,0,0,1,1,0,1,0
"1558","bOwvJUb8A9MekXsK_SrftQ",2,"none",0,0,1,1,1,0,0,0,0,0,0,1
"1559","wA2xaBsT8d2opW_jYe1XLA",4,"none",0,0,0,1,1,0,0,1,0,0,0,0
"1564","bU8LfqCBOgSgGrpXTYAVfA",4,"none",0,1,1,1,1,0,0,0,0,0,0,0
"1566","LTF14u6dfIyJQ41P-FooiA",4,"none",0,0,1,1,1,0,0,1,0,0,0,1
"1571","Z5eukYH32_nFljOTC2DJ0g",4,"fullbar",0,1,1,1,1,0,0,1,1,0,1,0
"1572","aHVhlCvmlNnnPf-LgclNNA",3.5,"fullbar",0,1,0,1,1,0,0,0,1,0,0,0
"1577","qsdHK1eQtXmAJNdVJxiC3w",3,"none",0,1,0,1,1,0,0,0,1,0,0,1
"1581","GrwvBAEALujIOPQeOfN1vA",3.5,"fullbar",0,1,1,1,1,0,0,1,1,0,1,1
"1582","T-KniGykrZ46ZC9plOTspw",4.5,"beerandwine",0,1,1,1,1,0,0,1,0,1,0,0
"1588","-uRn5Hf1uo4vf3UTtOvIfA",3.5,"none",0,1,1,1,1,0,1,0,0,0,1,0
"1589","7N3MyhBXZxT7vK9bvH0lfg",2.5,"fullbar",0,1,1,1,1,0,0,1,1,0,1,1
"1591","Hu4982iLVNhBy3HI3s_22g",3.5,"none",0,0,1,1,1,0,0,0,0,0,0,0
"1592","wp6mYtftUQASEJcBXp2nVw",4,"beerandwine",0,0,1,1,1,0,0,0,0,0,1,0
"1593","wpJcD0Qv-q4ShVJYH0hMLw",3,"none",1,0,1,1,1,0,0,1,0,0,0,1
"1597","DYnFGGYU3SkrKT_G4djpYQ",3.5,"beerandwine",0,1,1,1,1,0,0,1,0,0,1,0
"1598","lpD3xIYuVaQA8xRSlKwn-Q",3,"fullbar",0,1,1,1,1,0,0,0,1,0,1,0
"1600","8OaXvfag7E7oznV4rVb7vg",4.5,"none",0,1,1,1,1,0,0,1,0,0,1,0
"1601","k2b3niokS_tosjah_rzCPw",3.5,"beerandwine",0,1,1,1,1,0,0,1,1,0,1,1
"1604","vf-OLMuP-EB1vlqVGUx4CQ",3,"fullbar",0,1,1,1,1,0,0,0,0,0,1,0
"1605","yBxzqKXHhvNVaFnEOd4f7Q",4,"none",1,0,1,1,1,0,0,1,0,0,0,0
"1608","rMVi-Vn_mN_X9J1ZSl1lWA",3,"none",0,1,1,1,1,0,0,1,1,0,0,0
"1609","Nf1ZtgHwg0Mu5lOaJYgDGQ",3.5,"none",1,0,1,1,1,0,0,1,0,0,1,0
"1610","xFSCaBlcnDXSGFPUtYtuXA",2.5,"beerandwine",0,1,1,1,1,0,0,1,0,0,1,0
"1613","VO-p1uczeMbzH8bEAv-RgA",3,"fullbar",0,1,1,1,1,0,0,1,0,0,1,0
"1614","5WtKBzHv1mL2-w1wcz3kpw",3,"none",0,1,1,1,1,0,0,1,1,0,1,0
"1616","iK9F_Xeg8ut9u2Ee1nVxlg",3.5,"beerandwine",1,0,1,1,1,0,0,1,0,0,1,0
"1617","eznFPTK8qoFLfDr_FZhBpg",3.5,"none",1,0,1,1,1,0,0,1,0,0,0,1
"1618","Z2zynjhj6umPoHwLVfyOkw",3.5,"fullbar",0,1,1,1,1,0,0,1,0,0,1,0
"1619","GleKsaGVEkr8iq-x3mXWog",3,"none",0,0,1,1,1,0,0,0,0,0,0,1
"1623","PTDMAKBZze2QpZPc8mQD0w",2,"none",0,0,1,1,1,0,0,1,1,0,0,1
"1627","IpH4Ngf30TLTBljWvOOt7A",3,"beerandwine",0,1,1,1,1,0,0,1,1,0,1,1
"1628","N8uKQ5Vdb1LAh-qXT_25Rg",4,"fullbar",0,1,1,1,1,0,0,1,1,0,1,1
"1629","YGBSiJQuQihb8bqa1vFcng",2,"none",0,0,0,1,1,0,0,0,0,0,0,0
"1630","wC-wLFVCIjXArsrMuUJdYQ",4,"beerandwine",0,1,0,1,1,0,0,1,0,0,0,1
"1631","z_RTK0MaxaRHRQ99hDL2QA",4,"none",0,1,1,1,1,0,0,1,0,0,0,0
"1632","2-_HV0XUYK64OylB5J4i6A",4,"beerandwine",0,1,1,1,1,0,0,1,1,0,0,0
"1633","baIT89GubjGJV1mpn82Eeg",4.5,"none",1,0,0,0,1,0,0,1,0,0,0,0
"1634","URwrgfuyfpVqgnKwkawlHw",4.5,"none",1,0,1,1,1,0,1,1,0,0,1,0
"1635","j-SSlq3__BQr3H7lAyVvkw",3.5,"beerandwine",0,1,1,1,1,0,0,1,1,0,1,0
"1643","CtZ3HujCLTChyoad_L-nHA",3.5,"beerandwine",0,0,1,1,1,0,0,1,1,0,1,0
"1646","BGGR5ekPK6YqMRHgYNJGsw",3,"fullbar",0,1,1,1,1,0,0,0,1,0,1,0
"1647","svPjZWp4Pa32fwI2gNlxJg",3.5,"fullbar",0,1,0,1,1,0,0,1,0,0,1,0
"1650","KsvJoqJ4aRqv0XYoNdbXXw",2.5,"beerandwine",0,0,1,1,1,0,0,0,0,0,1,1
"1651","QCZwZLYHkTyYQDr6jdjKjA",3.5,"beerandwine",0,0,1,1,1,0,0,0,1,0,1,1
"1663","_IAxXD30S4ODGh92m8tLJw",3.5,"none",0,1,1,1,1,0,1,1,1,0,1,0
"1665","LLGGe9k7NTVy1Z2wH1_Uew",3.5,"none",0,1,1,1,1,0,0,0,1,0,1,1
"1666","v61dL5IvtgMwYBDNopvPYw",3,"none",0,1,1,1,1,0,0,1,1,0,0,1
"1667","3aJqrnY4u86F5-Fn_vAy-g",3,"beerandwine",1,0,1,1,1,0,0,0,0,1,1,1
"1670","D2mh7UebiiWJ1YYPLuXsyQ",3,"none",0,0,0,1,1,0,0,1,0,0,0,1
"1673","iiVeHbqOWMuKeUQz7ks71A",3.5,"none",0,1,1,1,1,0,0,1,1,0,1,1
"1679","OzcvQqt_copeLRCT2OHrfA",3.5,"none",0,0,1,1,1,0,1,0,1,0,0,0
"1680","360rdTo6CDmpsFyUK-g0Og",3.5,"none",0,1,1,1,1,0,0,0,1,0,1,1
"1682","LbeJgPgKKHw5qH0f02NHEQ",4,"fullbar",0,1,1,1,1,0,0,1,0,0,1,1
"1683","daqYMX3Y4QR8xl-BUlYBPw",4,"none",0,1,1,1,1,0,0,1,0,0,1,0
"1684","QDRFdG8gPPKL7r4yic8j7Q",3.5,"none",0,1,1,1,1,0,0,1,1,0,1,0
"1688","tNP02RaH2XAMs91fj8d-og",3,"fullbar",0,1,1,1,1,0,0,1,1,0,1,0
"1689","nzbQXU2x7O8oucKGthUT3g",4,"fullbar",0,1,1,1,1,0,0,1,1,0,1,0
"1696","e4iYJVyoUAKlitSnxjgwbg",3.5,"none",0,0,0,1,1,0,0,0,0,0,1,0
"1697","2LVuwl-eH-8PYikyFmqcTQ",2.5,"fullbar",1,0,1,1,0,0,1,0,0,0,1,1
"1698","XX5DlErcTQ8qNb_seI_oBw",3,"none",0,0,0,1,1,0,0,0,0,0,0,0
"1700","kh3TssJEjg9_ACJvom5RzQ",2.5,"none",0,0,0,1,1,0,0,0,0,0,0,1
"1702","kxzS-zh5nUNvBzYz2Q47pg",3.5,"fullbar",0,1,1,1,1,0,0,0,1,0,1,0
"1705","pwcxRdU_8xUVfhKlXsDHyg",3.5,"none",0,1,1,1,1,0,0,0,0,0,1,0
"1709","L-Go77QiXmXsYt9dYULPww",4,"fullbar",0,1,1,1,1,0,0,1,1,0,1,0
"1714","g-ftCJsLjDZgYzrjUf7gng",3.5,"none",0,0,0,1,1,0,0,0,0,0,1,0
"1715","BIbjBxoiJLS8CnNsSP64TQ",1.5,"none",0,0,0,1,1,0,0,1,0,0,0,0
"1718","0M7rIhQLKD-j2XSnKgt2ng",2,"none",0,0,0,1,1,0,0,1,0,0,0,0
"1719","kiU9C58n7dgygdrpjOQXMQ",4,"none",0,1,1,1,1,0,0,1,0,0,0,0
"1721","ESd5nHXftmJ6s6Phxf8zYw",3,"none",0,0,1,1,1,0,0,1,1,0,0,0
"1723","xUvgrDdKhcmaP6Zv0ssb6A",3.5,"fullbar",0,1,1,1,1,0,0,1,1,0,1,0
"1726","zDQZZZhb8VOk8EaoN3HeTA",3.5,"beerandwine",0,1,1,1,1,0,0,1,1,0,1,1
"1729","-zhywnaBiGRNcr6kbDagBQ",4.5,"none",0,0,1,1,1,0,0,1,0,1,0,0
"1730","6J89kFOcOOX1tuphLc93DA",4.5,"fullbar",0,0,1,1,1,0,0,0,0,0,1,0
"1731","2dUXkonsAdoXKAalTnmlig",4,"none",1,0,1,1,1,0,0,1,0,0,0,0
"1732","6nRbHreAZzP_RDqUyD1FPg",3,"beerandwine",0,1,1,1,1,0,0,1,0,0,0,1
"1736","0fkjHTNaMCT4FjZqaa4euA",3,"none",1,0,1,1,1,0,0,1,0,0,1,1
"1737","YcBwAXYRqitWrDuvPEaWew",3,"none",0,0,0,1,1,0,0,0,0,0,0,0
"1741","Sovgwq-E-n6wLqNh3X_rXg",4,"fullbar",0,1,1,1,1,0,0,1,1,0,1,0
"1745","fyFmamI9xY0_OOgH6tO3pg",4,"none",0,1,1,1,1,0,0,0,0,1,0,0
"1746","bShvndep-EC8qToFXM5ouw",3.5,"beerandwine",0,1,1,1,1,0,0,1,1,0,1,1
"1752","hTSIT3puu8m8-kOZYS4Zdg",3.5,"none",0,1,1,1,1,0,0,1,1,0,0,0
"1753","vW1P-SytRsF20a3ka9mBtw",4,"none",0,0,1,1,1,0,0,0,0,0,1,0
"1755","nl2nsBi9U3sW1R34nF0s0Q",4,"none",0,1,1,1,1,0,0,1,0,0,1,0
"1757","rrysQBMgpCqhDZuM34vvwg",4.5,"none",0,1,1,1,1,0,0,0,1,0,0,1
"1759","mcXRNuN1MsgXYt8B2MWz2Q",2,"none",0,0,1,1,1,0,0,0,0,0,1,0
"1761","rv9T1qGHbh9eXqFpKEPy_A",3.5,"fullbar",0,1,0,1,1,0,0,1,0,0,0,0
"1762","ryCpLx4jaTkkkaGXg5jvBQ",2.5,"none",0,0,0,1,0,0,0,0,0,0,1,1
"1763","R7LyTeiOHLyTNkA8HssBRQ",4,"none",0,1,1,1,1,0,0,1,1,0,1,0
"1765","xmeEyBVC5zN-FCX5qZviIQ",3,"none",1,0,0,1,1,0,0,0,1,0,0,1
"1766","PepLYiTk-2j6Nb8JFVT9gQ",2,"none",0,0,1,1,1,0,0,0,0,0,0,1
"1767","pdy6EAcJvZks1hKogxOj6Q",4,"none",0,1,1,1,1,0,0,1,0,0,1,1
"1771","fJmg_GwsLMXXS26zKTITiQ",3,"beerandwine",0,1,0,1,1,0,0,0,0,0,1,0
"1777","i17-RGooGWIad0y5YtaBtQ",4,"none",0,1,1,1,1,0,0,1,1,0,0,1
"1783","HV_TRGJdMurmJkqkdRGaww",4,"beerandwine",0,1,1,1,1,0,0,1,1,0,1,0
"1784","eicZdoUohtKsmB0KChbPxg",4.5,"fullbar",0,1,1,1,1,1,0,0,0,1,1,0
"1786","mIlQi6nZdFbEAjZuQ6pFfQ",4,"none",0,1,1,1,1,0,0,1,1,0,1,1
"1787","nsEO3MRzYLKfgtID7gvArw",3.5,"fullbar",0,1,1,1,1,0,0,1,1,0,1,0
"1789","rydwhaJPcQhxHlHO0PMZMQ",4.5,"none",0,0,1,1,1,0,0,0,0,0,0,0
"1790","QVHKpXJ3fRNMvin0Yvb4Yw",4,"none",0,0,1,1,1,1,0,0,0,0,0,0
"1793","SEeFkKq1Y__OQiPMQykG7Q",3.5,"none",0,0,1,1,1,0,0,0,0,0,0,1
"1794","5WhDd9MnacntXYURmvgMZA",4,"none",0,1,1,1,1,0,0,1,0,0,1,1
"1795","Nut3ob6m58of2curSbrFWQ",3.5,"none",0,1,0,1,1,0,0,0,0,0,0,0
"1798","q6Wa5iJwcuBxMpI2kZXUAQ",2.5,"none",0,0,0,1,1,0,1,0,0,0,0,0
"1801","5eKk8dA1QtKaQr_5i_SCRw",3,"fullbar",0,1,1,1,1,0,0,1,1,0,1,0
"1809","jHIJ0hfy5USIWvcdynzrFQ",3.5,"none",0,1,1,1,1,0,1,0,0,0,0,1
"1811","leXt81sCi1dyH1RF7nT3ig",2,"none",1,0,1,1,1,0,0,1,0,0,0,0
"1813","5FiuxRWs-indyk2Y9imkSg",3.5,"none",0,1,1,1,1,0,0,1,1,0,1,1
"1814","Eqd5QGaW7_C-qHNGzs1uUg",3.5,"fullbar",0,1,1,1,1,0,0,0,1,0,1,0
"1815","OFNXLfKbnsh7zV6Iu3EbyA",3.5,"none",0,1,1,1,1,0,1,1,1,0,1,1
"1816","mKmmHENEmK2pVi-4H67mIw",3.5,"beerandwine",0,1,1,1,1,0,0,1,0,0,0,0
"1819","oLbHJ_qJh78Kw4fhUw1HGg",3.5,"none",0,0,1,1,1,0,0,1,0,0,0,1
"1821","l5NUIeAo6Fk-Vx4nm3Xqfg",3.5,"beerandwine",0,1,1,1,1,0,0,1,0,0,0,1
"1823","apATPHcdiWr-Tgywu6mvHg",2,"none",0,1,1,1,1,0,0,0,0,0,0,0
"1824","2OkYkQRItlqbKw9Mz7flCA",3.5,"fullbar",0,1,1,1,1,0,0,1,1,0,1,0
"1826","rBBAD_fHaYnqWC_APHO2SQ",2.5,"none",0,0,1,1,1,0,0,1,1,0,0,1
"1827","BZ8nUf9R4sa1S-9sU6AjRg",3.5,"beerandwine",0,0,1,1,1,0,0,0,0,0,0,0
"1829","Qk36E2wRexicmtcUrEyWsQ",3,"fullbar",0,1,1,1,1,0,0,1,1,1,1,0
"1830","RJKbewB0SzRZpIvQmiF-dQ",3.5,"none",1,0,0,1,1,0,0,1,0,0,0,1
"1833","cabOEjEmUdFjDwe67HpXkA",4,"beerandwine",0,1,1,1,1,0,0,1,0,0,1,0
"1834","NG5qynmV0kzxQMFJG7mhEw",2.5,"none",0,0,1,1,0,0,0,0,0,0,0,1
"1836","GUsYtGG557XKlHaMH87erg",3,"beerandwine",0,1,1,1,1,0,0,1,0,0,1,0
"1839","fuW-VCynECpKukrm-9nxdg",3.5,"fullbar",0,1,0,1,1,1,0,1,0,0,1,0
"1840","B19KKE75ZxqoR3EDuvA1qw",2.5,"none",0,1,0,1,1,0,0,1,0,0,0,0
"1841","ERZua_xpyvHBnChITstpFg",4,"none",0,0,1,1,1,0,0,0,0,0,1,1
"1845","b207RNqIAhTd4JsRsnXB1Q",3.5,"fullbar",0,1,1,1,1,0,0,1,1,0,1,0
"1847","tbMAjldMYhvDUS2gG5Fdxw",3.5,"fullbar",1,0,1,1,1,0,0,1,1,0,0,1
"1849","nQVPgOqVrNIWhY3F5kS79g",4,"none",1,1,1,1,1,0,0,0,0,0,0,1
"1853","7tNY4BYLA4laqWNV4IWGQg",4.5,"fullbar",0,1,1,1,1,0,0,1,1,0,1,0
"1858","hU7z5Jtl57RIODS0hPg9Ug",4,"none",1,0,1,1,1,0,0,1,0,0,1,0
"1862","wonQ-ZsUKzCMF9Er3uGF8A",2.5,"none",0,0,0,1,1,0,0,0,0,0,1,1
"1866","OPIX1wTOll0aZT08Wr6sDw",3.5,"none",0,0,0,1,1,0,0,0,0,0,0,1
"1869","-8ILwSisSrTzcyy_Z0o9oA",3.5,"none",0,1,1,1,1,0,0,1,0,0,0,0
"1872","K6h0y_nilh7kTeXmG_Q0pw",3.5,"beerandwine",0,1,1,1,1,0,0,1,1,0,1,0
"1874","lYCeqldIiOggsbByH3RRhw",2,"none",0,0,0,1,1,0,0,1,0,0,0,0
"1881","44YFU284Z3KDEy25QyVoUw",3.5,"beerandwine",0,1,1,1,1,0,0,0,1,0,0,0
"1882","R073RHVTWuUc_JabjD0bsA",4,"beerandwine",0,1,1,1,1,0,0,1,1,0,1,1
"1889","Ynm7H4c2ll5vZEX3iLdxmw",4,"none",0,1,1,1,1,0,0,1,0,0,1,0
"1891","Jy40ercZIQaNcz2qV3qgow",3,"fullbar",0,1,1,1,1,0,0,1,1,0,1,0
"1892","3qlqzQrwh8hjBltlgFgsJQ",4,"fullbar",0,0,1,1,1,0,0,0,0,1,1,0
"1893","CLthP1yn32xlBswIbsLIjQ",3.5,"fullbar",1,0,0,1,1,0,1,1,1,0,1,1
"1897","wjf1uZNr6E4LQ0nUNHX5AA",4,"none",0,1,1,1,1,0,1,1,1,0,1,0
"1899","kQabQnNavQ7FgfyuXf8Niw",3.5,"none",0,0,1,1,1,0,0,0,0,0,0,0
"1902","INuaxyGB7eE_6xMtYUersg",4,"none",1,0,1,1,1,0,1,0,0,0,1,0
"1903","PxANrd2dLItNNSAWyiQTjQ",4,"beerandwine",1,0,1,1,1,0,0,0,0,0,1,1
"1904","UVqelOc_xJwy6lfnOhiCLQ",4,"none",1,1,0,1,1,0,0,1,0,0,1,0
"1905","szlIcLQE7K-1JuKeJIRKsQ",2.5,"fullbar",1,1,1,1,1,0,0,0,1,0,1,0
"1907","myw0csRck6XG4w5Z-EFyqg",4,"none",0,1,1,1,1,0,0,1,1,0,0,1
"1909","odfX0wO7fOyqa8oobxh96w",2.5,"none",0,0,0,1,0,0,0,1,0,0,0,0
"1910","jWHr_b19C1SjRvfI9jbdmQ",4,"none",0,1,1,1,1,0,0,1,1,0,1,0
"1912","RRw9I8pHt5PzgYGT2QeODw",4,"fullbar",0,1,1,1,1,0,0,1,1,0,1,0
"1914","WLCdg4ib7-_7b8epoXRjAw",3.5,"none",0,1,1,1,1,0,0,1,1,0,1,1
"1915","67Dl9MQcSUNU0OqgsaFs_w",4,"fullbar",0,1,1,1,1,0,1,1,1,0,1,0
"1916","wt6SJHPEknFUWjn67_wKoQ",4,"none",0,1,1,1,1,0,0,1,0,0,0,0
"1917","j3SHAiF8OIlY3kUPnAAlKw",3.5,"beerandwine",0,1,1,1,1,0,0,1,1,0,1,1
"1918","MD2lokfrZ-2NlDMkKbgEPA",2.5,"none",0,0,1,1,1,0,0,1,0,0,0,0
"1920","p4YvOzp42g3JzlXJny8F0g",4,"fullbar",0,1,1,1,1,0,0,1,1,0,1,0
"1927","GvBGYrTb6HKMA50TuVQztA",3,"none",1,0,1,1,1,0,1,1,1,0,1,1
"1929","RKX755uAGPMerCWueEpevQ",4,"none",1,1,1,1,1,0,0,1,1,0,1,0
"1930","szeG61Jn4dFrLqhZy0m_ug",3,"beerandwine",0,1,1,1,1,0,0,1,0,0,1,0
"1931","haa0u6VwTWBXbIW0mxlSGw",2.5,"none",0,1,0,1,1,0,0,1,1,0,0,1
"1934","ai8nfTBNvL579cjIuqZajQ",3.5,"none",0,1,1,1,1,0,0,1,1,0,0,1
"1936","V0GryzKJfygQOK-n8Hw5Mw",3.5,"fullbar",0,0,0,1,1,0,0,0,0,1,1,0
"1937","R8U89M5NjaL9wf-6k4H1xQ",3.5,"none",0,1,1,1,1,0,0,1,1,0,1,1
"1939","QOmojzu24dTI2coPjOtu2Q",2.5,"none",1,0,1,1,1,0,1,1,1,0,0,1
"1942","jG0m1-899xwYY3IXpTRRCQ",4.5,"beerandwine",0,1,1,1,1,0,0,1,1,0,1,0
"1945","prdA1r8XP03oD-PYvZJ5AA",3,"fullbar",0,0,0,1,1,0,0,1,0,0,1,0
"1946","fQclKmk5G2_g98cDNPvj0g",4,"fullbar",1,0,1,1,1,0,0,1,0,0,1,0
"1948","9ULcHyUTN1O16Vr8KUMQew",3,"none",1,0,1,1,1,0,0,1,0,0,0,1
"1950","ZGpT6rcgSsJ4GxwTHbvvJw",3.5,"none",0,1,1,1,1,0,0,1,1,0,1,1
"1951","bL6jQdJPaYRcCj4vIuT0eQ",3,"none",1,0,1,1,1,0,1,0,0,0,0,0
"1953","wDfz8ap9xWzj46mtNDcT9A",4,"fullbar",1,1,0,1,1,0,0,1,1,0,1,0
"1963","fP4sMlVw_MvyGNv4xeTGDA",4.5,"none",0,1,1,1,1,0,0,1,1,0,0,0
"1964","OwOMoh48nxjIgPkGU9RxGQ",3,"fullbar",0,0,1,1,1,0,0,1,0,0,1,0
"1967","55LdBLn7CXbWwhD06Zn_0Q",2.5,"none",0,0,0,1,1,0,0,0,0,0,0,0
"1968","Z8SXv1u_6rKicQy9P7G6fw",3,"fullbar",0,1,1,1,1,0,1,0,0,0,0,0
"1969","On5sceeptZSlLeGWDDGiwQ",2,"none",0,1,0,1,1,0,1,1,1,0,0,1
"1971","OIrYGca3yQdxEZQR2yhj3w",3,"none",0,0,1,1,1,0,0,0,0,0,0,1
"1972","9ehTNgvu0vZgHjWkQqF6KQ",3.5,"fullbar",0,1,1,1,1,0,0,1,1,0,0,0
"1973","mqiHZYNXnMLaEK87JZOzmA",3,"none",0,0,1,1,1,0,0,1,0,0,0,1
"1974","1skTxDMBQSpElbLfhBgmVQ",2.5,"none",0,1,1,1,1,0,0,1,0,0,0,1
"1975","PmQqj0wAnraXPuPSZCzEZQ",3,"none",0,1,0,1,1,0,0,1,0,0,0,0
"1976","E4POatW_bg-T0MzD4DuLeg",3.5,"none",1,0,1,1,1,0,1,0,0,0,1,0
"1978","9_A_ka0LR0xr0EDb_nc-gg",3.5,"beerandwine",0,1,0,1,1,0,0,0,1,0,1,0
"1979","x0nPQOsfh_fy43-M-iCbRA",3,"none",0,0,0,1,1,0,0,0,0,0,0,0
"1981","imBVeP4aA-aLTdPD-t8_WQ",3,"none",0,0,1,1,0,0,0,1,1,0,0,1
"1986","VKmt_G2KSkAAFLRWyiGK2w",4,"fullbar",0,1,1,1,1,0,0,0,0,0,1,0
"1987","LV63vo4iBHIo7gjiz-Oqgg",4,"none",0,1,0,1,1,0,0,1,0,1,1,0
"1991","PEulzjDwcSL_ujv5mRbc4w",3,"none",1,0,1,1,1,0,0,1,1,0,1,1
"1996","H49HnyOQZHJSCV6FtIcM8w",2,"none",0,0,1,1,1,0,0,0,0,0,0,1
"1999","OPFoX64eLMA9QZDjOLLVQg",4,"none",1,0,1,1,1,0,0,0,0,0,1,0
"2003","HUKbH7r9TBJPri6LJbBKtw",3,"none",1,0,1,1,1,0,1,1,0,0,0,0
"2004","F2pfjAZ_3dMTGCKv6c5wOw",4,"fullbar",0,0,1,1,0,0,0,0,1,0,0,0
"2009","RHoFn4B0AfyqyWGYFqeSXA",4,"none",0,1,1,1,1,0,0,1,1,0,0,0
"2010","FoKx_RP4kUM-aiGo3wlUUw",4,"fullbar",0,1,1,1,1,0,0,1,1,0,1,0
"2011","h_-KUSA612pFEIGC_dCsKQ",3,"none",0,0,1,1,1,0,0,0,0,1,1,0
"2014","jhP9rUsV-KvgHu1n--7Q3w",3.5,"none",0,0,1,1,1,0,0,0,0,0,1,1
"2015","PQWE8a6Opjiuzt7DaX2R6Q",3.5,"fullbar",0,1,1,1,1,0,0,1,1,0,1,0
"2021","ujBk7cdEvo5FkD1e0Gzq1Q",2.5,"none",0,0,1,1,1,0,0,1,0,0,0,1
"2023","imyKBHJGFixHJ2bh400b7Q",2.5,"fullbar",0,1,0,1,1,0,0,0,0,0,1,1
"2027","RYzJr_ZeSCLaAW6TBR86zQ",3,"none",0,1,1,1,1,0,0,0,0,0,0,0
"2030","FwuSvfRx_xkWV61VnCy9ug",3,"fullbar",0,1,0,1,1,0,0,0,1,0,1,0
"2031","TRrPVzJ0kJVm-11rYO9faw",3.5,"none",0,1,1,1,1,0,0,1,0,0,1,1
"2035","Qgh-6o1N_GG_BFfw0pxBtg",2.5,"none",0,0,1,1,0,0,0,0,0,0,0,1
"2038","LVyoW7-2XMnb1avqWNZ3yw",3,"fullbar",0,1,1,1,1,0,0,1,0,0,1,0
"2039","A-IqLvBfU5Gr_b9HVLETTw",3,"none",0,1,0,1,1,0,0,0,1,0,0,1
"2042","YaEPtPnEqh3WSsGq7cL44Q",4,"none",0,1,1,0,1,0,0,1,1,0,0,0
"2044","w96oa6oQk2kolYfy8Ja2Mw",3.5,"none",0,0,1,1,1,0,0,1,0,0,0,0
"2045","p91DHXkz5o_k825LwQPK9g",3,"none",0,1,1,1,1,0,0,1,1,0,0,1
"2046","p-w6g8cuQq5PU_4U1XNCzQ",4,"fullbar",0,1,1,1,1,1,0,1,1,0,1,0
"2047","t5vvlSgoeHF9uY6VkokmSg",3,"none",0,1,1,1,1,0,0,1,0,0,0,1
"2048","iZfeH70e_YFLrURT8WuCYQ",3,"fullbar",0,1,1,1,1,0,0,0,0,0,1,0
"2050","euksvHm653hJMJBqzcvMzQ",3,"beerandwine",0,1,1,1,1,0,0,1,1,0,1,1
"2051","cbm9sq6Wis6T_WmbiFy8Ag",3,"none",0,1,1,1,1,0,0,0,0,0,0,0
"2052","92lt0pzWl8RRZiPCikDUpA",3,"none",0,0,1,1,1,0,0,0,0,1,0,0
"2053","5E37qENVklkwAMHmIwc_IA",4.5,"none",0,0,1,0,1,0,0,0,0,0,1,0
"2054","rOHLBGBcWzlxdvNI6squgQ",4,"none",1,0,1,1,1,0,0,1,0,0,1,0
"2056","4KKmloORuH47OySm9Fq6ug",3.5,"none",1,0,1,0,1,0,0,1,1,0,0,0
"2062","LQZ2yBIAFmXYbDD0Z2Nhug",2.5,"none",0,0,0,1,1,0,0,0,0,0,0,0
"2064","4qiD9hcUiY4AfCBBqpMYeQ",4,"beerandwine",0,1,0,1,1,0,0,1,1,0,1,0
"2066","lENkF6Cgd9WzUDBcuZcAPA",4.5,"none",0,1,1,1,1,0,0,1,1,0,1,0
"2067","eppng2FiFAJa1CZBDX6mbQ",2.5,"none",0,0,1,1,1,0,0,0,0,0,0,0
"2068","HFSyU3JO8PAg34BCsPMo0g",3.5,"beerandwine",0,1,1,1,1,0,0,1,1,0,1,0
"2070","f5sSn5cO4t6mF_mdnzKkyA",2.5,"none",0,0,1,1,1,0,0,1,0,0,0,0
"2072","ZtdCS8XjmL4P6BvMOIQWag",3.5,"none",0,1,1,1,1,0,0,0,0,0,0,0
"2073","trsKoo2b9-nMcXCKn8dlfQ",4,"none",0,1,1,1,1,0,0,1,1,0,0,0
"2075","02eESJZNF3qigrJ3GNRgIQ",5,"none",0,0,1,0,1,0,0,0,0,0,0,0
"2076","zY_YAwo4On0aqOABS-1cBA",3.5,"fullbar",0,1,0,1,1,0,0,1,0,0,1,0
"2079","5KgZD0CDNpUjbdV7OjUuXA",3.5,"fullbar",0,1,1,1,1,0,0,0,0,1,1,0
"2081","MSYpFcm5FAkQYLcY6tkOgw",3.5,"none",0,1,1,1,1,0,0,1,1,0,1,1
"2083","poOnGeQlHEnWRAH9t_0KMg",4.5,"fullbar",0,0,1,1,1,0,0,1,1,0,1,1
"2085","Sv1XtPN-utoenqdIn9ZMyQ",4,"beerandwine",0,0,1,1,1,0,0,1,0,0,1,0
"2093","vZafOAECfChenbQjhlZQlA",2.5,"none",0,0,1,1,1,0,0,0,0,0,1,0
"2094","yYMTMtguT90BfMJVxasFuw",4,"none",0,1,1,1,1,0,0,1,1,0,0,1
"2096","h-Oq86DZfZad9kKXe8m7Lg",4,"beerandwine",0,1,1,1,1,0,0,1,1,0,1,0
"2097","8YjfILsV0xu84t0aTiceig",3.5,"none",0,1,1,1,1,0,0,0,1,0,0,0
"2098","G8LBVca1vOBKYeMCMpajGA",4,"none",1,0,0,1,1,0,1,1,1,0,1,0
"2102","W36vefYka0IZAPWygxJtqg",4.5,"none",0,0,1,1,1,0,0,0,1,0,1,0
"2103","l683preTG0GIk9XMaHAUNA",3.5,"none",0,0,0,1,1,0,0,0,0,0,0,0
"2108","USRXU4ASBAFSKhlk-KVrCw",3,"none",0,1,0,1,1,0,0,0,0,0,0,0
"2109","hlDcfzRGfmSmL5LpYcRqKA",3.5,"none",0,0,1,1,1,0,0,1,1,0,0,1
"2110","LQ-gMAQLbPVxjrBYCJ1ApQ",4,"beerandwine",1,0,0,1,1,0,0,1,1,0,1,0
"2111","6qKjl6xJQzLb9ka-QbTudA",4.5,"none",0,1,0,1,1,0,0,1,1,0,1,0
"2115","xd1JeV7oqs47Fra9qtJoGQ",4,"none",0,0,0,1,1,0,0,0,0,0,1,0
"2119","0vAHRd4Xlsdx3fHV8JCRBQ",4,"none",1,0,1,0,1,0,1,1,1,0,1,1
"2121","OYxzmfSSN6Vv2-qomtDPNw",3,"none",0,0,0,1,1,0,0,0,0,0,1,0
"2123","b8ublvizuqIw3Ib8pK4fDw",3.5,"fullbar",0,0,1,1,0,0,0,0,1,0,1,0
"2124","r8Jr-7YfkhJL2nxk9lxUNg",4,"fullbar",0,1,1,1,1,0,0,1,1,0,0,0
"2127","9MMxOuaRpef7ckyH4WupcQ",3,"none",0,0,1,1,1,0,0,0,0,0,1,0
"2128","WQ7Qys-keM0MCO7IGpEduQ",3.5,"beerandwine",0,1,1,1,1,0,0,1,1,0,1,1
"2130","xed6AtBRqx0BpeHLOiEzBg",3,"fullbar",0,1,0,1,1,0,0,1,1,0,1,0
"2132","TAOTaNgsRs5bFeQhj3z1wA",2,"none",1,0,0,1,1,0,0,0,0,0,1,1
"2133","VBVqHnViRLSYAqP7v8iNNQ",3.5,"fullbar",0,1,1,1,1,0,0,1,1,0,1,1
"2138","T7Z309DN9kbkhFTCCXt1Ag",3,"none",0,1,1,1,1,0,0,1,1,0,0,0
"2140","5KheTjYPu1HcQzQFtm4_vw",3.5,"fullbar",0,1,1,1,1,0,0,1,1,0,1,0
"2142","rT8DwZu7pvuWKRM1nwVuug",3.5,"none",0,0,1,1,1,0,0,1,1,0,0,1
"2145","fwZzpkSH4ZOJGzDzI2rSaQ",3.5,"none",0,0,0,1,1,0,0,0,0,0,0,0
"2146","kYvZZ_aKaKLQKeyms74T2Q",3.5,"fullbar",0,1,1,1,1,0,0,1,1,0,1,0
"2148","rtT7RqERpHbRYOiTIgGszQ",3.5,"none",0,1,1,1,1,0,0,1,1,0,1,0
"2149","tBecXDdDmboDVwUu4kmOiA",3.5,"none",0,0,1,1,0,0,0,0,0,0,1,1
"2151","DGqxvWTexSLYN0u86DCpuA",3,"fullbar",0,0,0,1,1,0,0,1,1,0,1,0
"2153","wkzWdo1mBqbzR2KPoXtWZw",4,"none",1,0,1,1,1,0,0,0,1,0,1,1
"2154","GC5wcui5uejRZTi8OCNPkQ",3,"fullbar",0,1,0,1,1,0,0,1,1,0,1,0
"2156","Edc4OQns2A4lqs1KT3HE-A",2,"none",0,0,0,1,1,0,0,0,0,0,0,1
"2157","s9KxZY47jt2FiDpNm9qI4A",4.5,"none",0,0,1,1,1,0,0,0,0,0,0,0
"2158","dakUSKq6Vp9X2Qvp54t4vQ",2.5,"none",0,1,0,1,1,0,0,0,1,0,0,1
"2165","BaHMCHFuuVpVUV_wOInnOA",3.5,"beerandwine",0,1,1,1,1,0,0,0,1,0,0,1
"2170","lTG46zyVkZOk6RAR17kqQQ",2.5,"none",1,0,0,1,0,0,0,1,1,0,1,1
"2172","Q7bAF6MrZ8wWfLsxaPl2Yw",4.5,"beerandwine",0,1,0,1,1,0,1,1,1,0,1,0
"2174","Jtj8qgXzuWKjO2DYIn45dw",3.5,"none",0,1,1,1,1,0,0,1,1,0,1,1
"2177","WyeENX8AdrERdFZtVy7uzQ",3.5,"none",1,0,1,1,1,0,1,0,0,0,1,0
"2178","KmvwcEle06KNfNhyV-QO1A",3.5,"none",0,0,1,1,1,0,0,0,0,0,1,1
"2180","50NTSGbZ3pN5643_K1IReA",4,"fullbar",0,1,1,1,1,0,0,1,1,0,1,0
"2186","jKndHanZV4fygbNHWK5Xnw",4,"none",0,0,1,1,1,0,1,1,1,0,0,0
"2187","XcOy_IMkPO9jGBox6mHT8w",4,"none",1,0,1,1,1,0,0,1,1,0,1,0
"2188","JdoBiBRgeS_KKaNaU1sofA",4,"none",0,1,0,1,1,0,0,1,1,0,1,0
"2192","iCQpiavjjPzJ5_3gPD5Ebg",4,"beerandwine",0,1,0,1,1,0,1,0,1,0,1,0
"2194","YSHLvvIOg5w7ON396yNmVA",4.5,"beerandwine",0,0,1,1,1,0,0,0,0,1,1,0
"2198","-jghjupgk9DVw5M-dCr3mw",3,"none",0,0,0,1,1,0,0,0,0,1,0,0
"2200","G7Ull-QUaNXyPwtEErHZ8g",2.5,"none",0,1,1,1,1,0,0,1,0,0,1,1
"2207","JJhnw7WJDuMHtK5i30EpGQ",3.5,"none",0,1,1,1,1,0,0,1,0,0,0,0
"2216","Cl-xl1vTUwHeaGgBxzdTRA",4,"beerandwine",0,1,1,1,1,0,0,0,1,0,1,1
"2218","1GoI8TV5ngDEqoTmDK6Iow",3.5,"fullbar",0,1,1,1,1,0,0,1,1,0,1,0
"2219","PpyM9QsDbpx4mOaUeOll4w",3.5,"fullbar",0,1,1,1,1,0,0,1,1,0,1,1
"2221","jXo3-D3fCzaQzLE0NRZlZw",3.5,"none",1,0,0,1,1,0,1,0,0,0,0,1
"2224","IPyrraIafBs8afeVMGmfCQ",4.5,"none",0,0,1,1,1,0,0,0,0,0,0,1
"2229","c79drEBxcX3LsiK6AFgGew",4,"none",0,0,1,1,1,0,0,0,0,0,1,0
"2236","oaap_zKAxkrlTBwF3onmXw",3,"fullbar",0,1,1,1,1,0,0,1,0,0,1,0
"2238","YcGHCoSkl2PLKsHQCiu0HA",4.5,"none",1,1,1,1,1,0,1,0,0,0,0,0
"2239","2d9yZ11uVa83OEQWxe4vlQ",4.5,"none",1,0,1,0,1,0,0,0,0,0,0,1
"2241","Tiy_skxHMvNCpyzAIqv6qA",3,"fullbar",0,1,1,1,1,0,0,1,0,0,1,0
"2242","cI7k9zqs_pl3byUDE4cpdA",3.5,"fullbar",0,0,1,1,1,0,0,1,1,0,0,1
"2248","IO3iTBH0rX-G7E7wAreRSQ",2.5,"beerandwine",0,1,0,1,1,0,1,1,1,0,1,1
"2251","yi9725wjRYYEoF-xE47_ig",3.5,"beerandwine",0,1,1,1,1,0,0,1,1,0,0,0
"2253","DWZ0-MtRSJJjHe9VV7yl5A",4.5,"beerandwine",1,1,1,1,0,0,0,1,0,0,0,0
"2255","5rPcuMOjSbKPuYzVLsstQQ",2,"none",0,0,0,1,0,0,0,0,0,0,0,1
"2258","qDbVUkKMLtRqSDcKgLTx1A",3.5,"none",0,1,1,1,1,0,0,1,1,0,1,0
"2259","oDcTa97TuRsNVg8urdw6qA",2,"none",0,0,0,1,1,0,0,0,0,0,0,1
"2270","QWbP1vKQOFjN-6pr0-78zQ",3,"none",0,1,1,1,1,0,1,1,1,0,1,0
"2276","Y92gs-2nwUuioEdtkrOfdw",3.5,"none",0,0,0,1,1,0,0,0,0,1,0,0
"2278","TdjydrOFUSMUsTKdlXW6aQ",4,"none",0,0,1,1,1,0,0,1,0,0,0,0
"2282","TsCq0UqOrKJ_ZJx7KKwKkA",4.5,"none",0,1,1,1,1,0,0,1,0,0,0,0
"2283","YBddInm3xP6k9iOowm1EHw",3.5,"beerandwine",0,0,1,1,1,0,0,0,1,0,0,0
"2285","0ebavvJVXAzKKQ8C9cOt6g",3,"none",0,0,1,1,1,0,0,1,1,0,1,1
"2288","jItwkDeMBFquEb7mAvW-Dw",1.5,"none",0,0,1,1,1,0,0,0,0,0,0,0
"2292","uyoZHZzHaZpqMzXovJxDTw",3.5,"none",0,1,1,1,1,0,0,1,1,0,1,1
"2293","HVdeAldgSNW2P1zZJ1TnWw",4,"none",0,1,1,1,1,0,1,0,0,0,0,1
"2294","nWx5GEaJ1dpc-psAbG_v5Q",4,"none",0,1,1,1,1,0,0,1,1,0,0,1
"2296","xVP6vpI-LGJ4Y61gIb4LQA",3.5,"fullbar",0,0,1,1,1,0,0,1,1,0,0,1
"2297","0J-QM0fIxBNNiSK_n19y9g",3,"none",1,0,1,1,1,0,0,1,1,0,1,1
"2298","mFGUvyJSdSRjIaN94QW_IQ",4,"fullbar",0,0,1,1,1,1,0,1,1,1,1,0
"2299","ydt5yifyYhF5s430llv_Hw",2.5,"fullbar",0,1,1,1,0,0,1,1,1,0,1,0
"2300","O2opXFPnTG-Pxa_u-3w66A",4,"fullbar",0,1,1,1,1,0,0,1,0,0,1,0
"2302","YWm5z2mu-C-pUuL86fcFxQ",4.5,"none",0,1,1,1,1,0,0,0,1,0,0,0
"2308","tLCZdAt83gvD6Me_Vshu1w",2.5,"beerandwine",0,1,1,1,1,0,1,0,0,0,1,1
"2315","NMw6zTXoZDEzNchVIfL1pQ",3.5,"fullbar",0,1,1,1,1,0,0,1,1,0,1,0
"2317","AwBCgvegeFogpb3lpmpCuw",3.5,"none",0,0,1,1,1,0,0,1,0,0,0,1
"2321","bEZalv7kVGhiCd0WK4uFSw",3.5,"none",1,0,0,1,1,0,0,1,0,0,1,0
"2325","y6Dih1p0JqNuyfw9dQJ8_g",3.5,"fullbar",1,0,0,1,1,0,0,1,0,0,1,0
"2329","rx1AEnleVRWMNz6vB-YhfQ",3.5,"none",1,0,1,1,1,0,0,1,1,0,0,1
"2330","oZfNL6ZFdITqfwJzcE-LyA",3.5,"none",1,0,1,1,1,0,0,1,1,0,0,1
"2332","2IvrdAb6zdxr3ZqplqJHbg",2,"fullbar",0,0,0,1,0,0,0,1,1,0,1,0
"2334","chBeDQdaZgrb8iOzqgeCDA",4,"beerandwine",0,1,0,1,1,0,0,1,1,0,1,1
"2336","FFolUMaFqs8vdu9ybE4-IA",2.5,"fullbar",0,1,0,1,1,0,0,0,1,0,1,0
"2342","mKf7pIkOYpEhJTqjw4_Fxg",3.5,"none",1,0,1,1,1,0,0,1,1,0,1,1
"2343","ifS_MYR01fLB0aRw0AQy5Q",3.5,"none",0,0,0,1,1,0,0,1,0,0,0,1
"2346","4JkGjRRc3XucG9U8XwthGg",4,"none",0,1,0,1,1,0,0,1,1,0,0,1
"2347","vUYz-JgVTAtUGUbQuF7czw",3,"none",0,1,1,1,1,0,1,1,0,1,0,0
"2351","rvsye09KiUNW_Xa3mygo3Q",3,"none",0,1,1,1,1,0,0,0,1,0,1,0
"2354","SvNzj0dE6UMFfp55bIze_A",3.5,"none",0,1,1,1,1,0,1,1,1,0,0,1
"2355","bCVRNEKQyrQqMRxvsiztyg",3.5,"none",0,0,0,1,1,0,0,1,0,0,1,0
"2359","VSu7GYn-Zln5TLZh_fMtvQ",3,"none",0,1,0,1,1,0,0,1,1,0,1,0
"2360","RyJIi1IP0UQ5qGbwazgsIA",2.5,"fullbar",0,1,1,1,1,0,0,1,1,0,1,0
"2365","jgtEoeE2uoA27J_UvbE20g",4,"none",0,1,0,1,1,0,1,1,1,0,1,1
"2367","sKWZ_tAOVMZoC4Qk8_Bd4A",4,"none",0,1,1,1,1,0,0,1,1,0,1,1
"2368","A2pHOVp0zh7grb1bbZxoBQ",4,"fullbar",0,1,1,1,1,0,0,1,0,0,0,0
"2369","ID5wWJ9C7G0hfbQilvlfxA",3.5,"fullbar",0,0,1,1,1,0,0,0,1,0,1,1
"2370","I22wQGTkLFGn6jTOhwoecQ",4,"none",0,1,1,1,1,0,1,1,1,0,1,0
"2374","AEYNihHmGIjmUciRFo3qwA",4,"beerandwine",0,1,1,1,1,0,0,1,0,0,0,0
"2376","ZcYBeh-_ubSsZLJA97PSLA",3.5,"none",0,0,0,1,1,0,0,0,0,0,0,1
"2377","9iNZ2o5jt-zpdMoAOgd7_g",3.5,"none",0,1,0,1,1,0,0,0,0,0,1,1
"2379","px2l_fl2_LlVthj50T7o2g",3,"none",0,0,1,1,1,0,0,0,1,0,1,1
"2380","HshPHJ-OJ0rpVR-okV55Rg",3.5,"beerandwine",0,1,1,1,1,0,0,1,1,0,0,0
"2385","o47aY911-1rK9tHeXOWxFg",4,"none",0,1,1,1,1,0,0,1,1,0,0,1
"2386","dODimuyIJGIxER5uzX5WuQ",3.5,"none",0,1,1,1,1,0,1,1,1,0,1,0
"2389","ywtDqnrLeWzG7Q-9ORmSsA",4,"none",0,1,1,1,1,0,0,1,1,0,0,1
"2395","N_ML37GOTOLtGKWqRnbJRA",3.5,"none",0,1,1,1,1,0,0,1,0,0,1,1
"2396","BHMqFvtguSDrZLQPtjZSuA",4,"none",0,1,1,1,1,0,0,1,1,0,0,0
"2398","biFv9mXsP0V4omBUy1Z-MA",3,"none",0,0,1,1,0,0,0,0,0,0,0,1
"2399","sYDc1TENwCKLHvprBa5rLw",3,"none",0,1,1,1,1,0,0,1,1,0,0,1
"2400","pbeRNz7IU9rBqDOJcJf6LQ",4,"beerandwine",0,1,1,1,1,0,0,0,0,1,1,0
"2402","EGzsR_Tyd0QOaZ6g7wPl-w",4.5,"none",0,0,0,1,1,0,0,1,1,0,0,1
"2404","SJVrnBT80VtUScxxIofB-A",3.5,"none",0,0,1,1,0,0,0,0,0,0,0,0
"2405","Tr8TJnMoSgBvfZvmCx9-eQ",3,"fullbar",0,1,0,1,1,0,0,0,1,0,1,0
"2406","YhBigRwAFdRPIQxWDjZOrQ",4,"beerandwine",0,1,1,1,1,0,0,1,0,0,1,1
"2408","n6u8lDrWBYkis8EQTwgOyA",4,"none",0,1,1,1,1,0,0,1,1,0,1,1
"2409","HNW4P0jAhXYRJ_op7OcWCw",3,"none",0,0,1,1,1,0,0,0,1,0,0,1
"2410","4cyhLsjKxhC0x5AjYjZBDw",4,"beerandwine",0,1,1,1,1,0,0,1,1,0,1,0
"2411","QyyDWCG4Z7z6fHYFPQVFnw",3,"none",0,1,1,1,1,0,0,1,0,0,0,0
"2412","XdhJ7PjfMjBmZwvKikWlkA",3.5,"none",0,1,1,1,1,0,0,1,0,0,1,1
"2418","xpAm-NN8JQbL5JdBal_Ptg",3,"none",0,1,1,1,1,0,1,1,1,1,0,0
"2419","_ZwDLtBopUHb6F2mIPFUJg",4,"fullbar",0,1,1,1,1,0,0,1,1,0,1,0
"2421","1SJiW_mW6IlEe7hqMTnjYg",4,"none",0,0,1,1,1,0,0,0,0,0,0,0
"2422","reMD4XrJSJ-bQ185AmZL3A",3,"none",0,1,1,1,1,0,0,0,0,0,0,0
"2424","AyNI6G0w3o51zp0tucE12A",3.5,"none",0,1,1,1,1,0,0,1,0,0,0,0
"2436","Qb1tuREKTsyVKO6DiDQXgg",3,"fullbar",0,1,1,1,1,0,0,1,1,0,1,0
"2438","HNQzTcyaW3PwJ2oC8vKWHw",2.5,"none",0,0,1,1,1,0,0,0,0,0,0,0
"2439","lQAGjzAA_D5d3i93xndl9w",2.5,"fullbar",0,0,0,1,1,0,0,0,0,0,1,0
"2440","of4V8nfW7GwJ03tLDdrOlA",3,"fullbar",0,1,0,1,1,0,0,1,0,0,1,0
"2443","VIxWlFefTnFQPkAvDNURjg",2.5,"none",0,1,1,1,1,0,0,0,1,0,0,1
"2446","safPeH-s-P56V6wt6G0sFg",3.5,"none",0,1,1,1,1,0,0,0,1,0,0,1
"2448","VR2LTEsJByan97fcYRkl5w",4,"beerandwine",0,1,1,1,1,0,0,0,0,1,1,0
"2454","4NkEWTs76FplOihc-qyBZQ",4.5,"none",0,0,0,1,1,0,0,0,0,0,0,1
"2461","FB2iUwS4-LMLBQVyLZmZfQ",3,"fullbar",0,1,1,1,1,0,0,1,1,0,1,0
"2467","QcV8KIPKbGRnWQPql55bKQ",2.5,"none",0,1,1,1,1,0,0,1,1,0,0,1
"2468","dWJ7fG8Egp3Ips6j0T7Unw",3.5,"none",0,1,1,1,1,0,0,1,0,0,1,1
"2473","0xtBEP5zCu1153SoqqemLw",4.5,"none",0,1,1,1,1,0,0,1,0,0,1,0
"2477","xFuyA5is_lLo28-fTUQjPA",3,"none",0,0,1,1,1,0,0,0,0,0,0,0
"2479","lVfZ2AaYRYHCFenUMQna8g",4,"none",0,1,1,1,1,0,0,1,1,0,0,0
"2480","LpGCzgAKNSpzDNEUMVVtZA",4,"fullbar",0,1,1,1,1,0,0,1,1,0,1,0
"2481","xFN8mRubo3G0oIzJwc8XBA",2.5,"none",1,0,1,1,1,0,0,1,0,0,0,0
"2483","E3zvCzX7gquT9srY4pUwLg",4.5,"none",1,1,1,1,1,0,0,1,0,0,0,0
"2486","6Na0jTJjX5GQY_ZJ53G02A",4,"none",0,1,1,1,1,0,0,1,1,0,1,1
"2487","5BKP0DY4K79h9sd7THpeBw",4,"beerandwine",0,1,1,1,1,0,0,0,1,0,1,0
"2488","Y3RWEmu4ykuc2LvG3Qv9Ew",3.5,"none",0,1,1,1,1,0,0,0,0,0,0,1
"2493","LJQCv30PCIpC3FnvHF5mXQ",3.5,"fullbar",0,1,1,1,1,0,0,1,0,0,1,0
"2498","10ELp0f3kgGfXPQNQq77ew",4.5,"none",0,0,1,1,1,0,0,1,0,0,1,0
"2499","phTLTkqSvylLkmz5wAwhTw",3,"none",1,0,1,1,1,0,0,0,0,0,1,1
"2507","9Z_6rRy7Tl_C6HIgm7y6FA",4,"beerandwine",0,1,1,1,1,0,0,1,1,0,1,0
"2509","uLUl_dMl6a9m774LGReDVA",3.5,"fullbar",0,1,1,1,1,0,0,1,1,0,0,0
